ID,parent_ID,book_ID,quantity,unitPrice,amount
7da89dcc-48f9-49a3-b98b-a2e30814aaf5,2beaa3e2-028d-4136-afce-ef0c4f6479c8,c1b2c3d4-e5f6-7890-abcd-ef1234567805,3,8.99,26.97
0442c78f-3e08-4422-b5a5-4aa345fe204a,2beaa3e2-028d-4136-afce-ef0c4f6479c8,c1b2c3d4-e5f6-7890-abcd-ef1234567817,1,13.99,13.99
666fecc1-a622-4bd8-a9be-c28de066e7c7,2beaa3e2-028d-4136-afce-ef0c4f6479c8,c1b2c3d4-e5f6-7890-abcd-ef1234567809,1,13.49,13.49
cc42a521-98fa-4642-8967-18cb98cda1a7,2beaa3e2-028d-4136-afce-ef0c4f6479c8,c1b2c3d4-e5f6-7890-abcd-ef1234567801,1,12.99,12.99
51959646-e29c-46d5-8906-0b44b08f7eb3,c7dd02de-99ab-4976-99ac-efc97d6e0adc,c1b2c3d4-e5f6-7890-abcd-ef1234567812,1,9.99,9.99
80b7b2af-e2f2-48e0-8215-0bc9d61b67a0,c7dd02de-99ab-4976-99ac-efc97d6e0adc,c1b2c3d4-e5f6-7890-abcd-ef1234567815,1,8.49,8.49
88df9de1-547a-42cc-a74b-0dd7f577a3ae,c7dd02de-99ab-4976-99ac-efc97d6e0adc,c1b2c3d4-e5f6-7890-abcd-ef1234567805,1,8.99,8.99
c77c20e9-010e-4d29-aae6-9d6b76760122,6078f29b-82b3-49eb-97cc-0ca4b7e19c82,c1b2c3d4-e5f6-7890-abcd-ef1234567812,2,9.99,19.98
60db5d0d-4206-4f38-ba9f-3ba8a8833e93,6078f29b-82b3-49eb-97cc-0ca4b7e19c82,c1b2c3d4-e5f6-7890-abcd-ef1234567811,1,11.99,11.99
ed03c515-41e7-4298-9193-3f62ab6dfcbc,6078f29b-82b3-49eb-97cc-0ca4b7e19c82,c1b2c3d4-e5f6-7890-abcd-ef1234567814,2,7.99,15.98
e82e84f7-035f-4e79-834a-be0cdf69a747,aba6031e-41a6-4f26-915a-59f1f9a48945,c1b2c3d4-e5f6-7890-abcd-ef1234567809,2,13.49,26.98
93f216d7-e5d9-4409-b83c-aff1672acf18,aba6031e-41a6-4f26-915a-59f1f9a48945,c1b2c3d4-e5f6-7890-abcd-ef1234567810,2,14.99,29.98
a377b314-ce82-4dc7-b417-02912b6cd1f3,aba6031e-41a6-4f26-915a-59f1f9a48945,c1b2c3d4-e5f6-7890-abcd-ef1234567815,3,8.49,25.47
dcd7492d-6c76-4ca0-9ab0-bb08249533b4,b4c31e01-dbe3-4966-a30d-6cde268ccc04,c1b2c3d4-e5f6-7890-abcd-ef1234567804,3,4.99,14.97
9293cbd0-7705-4833-93a2-bc77a7e05838,b4c31e01-dbe3-4966-a30d-6cde268ccc04,c1b2c3d4-e5f6-7890-abcd-ef1234567814,2,7.99,15.98
b614b468-4fb8-4cb7-8046-63d398778152,b4c31e01-dbe3-4966-a30d-6cde268ccc04,c1b2c3d4-e5f6-7890-abcd-ef1234567803,2,5.99,11.98
b78437af-0310-4a1c-84a7-106edd1cd168,a3af45b8-344c-45a1-92c2-5540366d6658,c1b2c3d4-e5f6-7890-abcd-ef1234567801,2,12.99,25.98
424483f0-b531-4610-9d22-192b103179fb,a3af45b8-344c-45a1-92c2-5540366d6658,c1b2c3d4-e5f6-7890-abcd-ef1234567815,2,8.49,16.98
0f9525a9-ff3c-4bc8-8fa5-624bbcf59fdc,7f35839d-917f-4f4d-a3da-cb81945bd5da,c1b2c3d4-e5f6-7890-abcd-ef1234567809,2,13.49,26.98
db0c175e-6996-4f65-955d-8c10f7d47a9c,7f35839d-917f-4f4d-a3da-cb81945bd5da,c1b2c3d4-e5f6-7890-abcd-ef1234567811,1,11.99,11.99
a95e2389-34e4-49af-8135-3b93cfb6f3e7,7f35839d-917f-4f4d-a3da-cb81945bd5da,c1b2c3d4-e5f6-7890-abcd-ef1234567812,3,9.99,29.97
b9e59cd9-11f3-4f8e-adfd-ce54d01ce39c,7f35839d-917f-4f4d-a3da-cb81945bd5da,c1b2c3d4-e5f6-7890-abcd-ef1234567820,2,15.99,31.98
a84400d1-3ac9-4741-a2ce-f47e8770d7ad,5a990934-66dd-49e2-add1-d2099d5a99bf,c1b2c3d4-e5f6-7890-abcd-ef1234567801,1,12.99,12.99
d5352e82-4156-4b76-8814-e806f7d1fe0f,5a990934-66dd-49e2-add1-d2099d5a99bf,c1b2c3d4-e5f6-7890-abcd-ef1234567805,3,8.99,26.97
fe008a5b-7fed-46b8-a691-f3cd38b914eb,2160daa3-66a7-4c72-9837-5eefeac937c2,c1b2c3d4-e5f6-7890-abcd-ef1234567810,3,14.99,44.97
c1c81f4d-46d2-4e39-ab42-89e1b9373489,2160daa3-66a7-4c72-9837-5eefeac937c2,c1b2c3d4-e5f6-7890-abcd-ef1234567809,3,13.49,40.47
30dc850e-ca1d-4f7a-8144-982df955b6b4,2160daa3-66a7-4c72-9837-5eefeac937c2,c1b2c3d4-e5f6-7890-abcd-ef1234567811,3,11.99,35.97
e887a6f0-636c-4f0f-a35b-20a29a22cea3,2160daa3-66a7-4c72-9837-5eefeac937c2,c1b2c3d4-e5f6-7890-abcd-ef1234567812,1,9.99,9.99
58f24998-8f4d-488c-ae56-e55418b51f7b,059a3294-e655-457d-8fc5-0b3b77b6575a,c1b2c3d4-e5f6-7890-abcd-ef1234567811,2,11.99,23.98
3def245b-bbb5-4fc8-a8c1-7d9cad22a1b8,059a3294-e655-457d-8fc5-0b3b77b6575a,c1b2c3d4-e5f6-7890-abcd-ef1234567812,1,9.99,9.99
14dc9c82-e153-4704-be2a-9ab9e5ecbfc1,059a3294-e655-457d-8fc5-0b3b77b6575a,c1b2c3d4-e5f6-7890-abcd-ef1234567817,1,13.99,13.99
3597dae1-55cf-4421-85e3-950a953ad7b7,70419ee9-efa0-41f5-a053-d6634e633b59,c1b2c3d4-e5f6-7890-abcd-ef1234567803,1,5.99,5.99
f9f11c79-0045-45b0-9b17-ce8101dc04f4,70419ee9-efa0-41f5-a053-d6634e633b59,c1b2c3d4-e5f6-7890-abcd-ef1234567817,2,13.99,27.98
07cfec42-5692-4db3-b575-cc4face5388a,70419ee9-efa0-41f5-a053-d6634e633b59,c1b2c3d4-e5f6-7890-abcd-ef1234567818,1,10.49,10.49
67d0e27d-9c10-443c-a12c-299e9304cb6e,452d9cac-f565-4f2a-9f2e-5047dfe0fc52,c1b2c3d4-e5f6-7890-abcd-ef1234567804,2,4.99,9.98
e8bd4074-f68d-4ffb-bdc4-484f2f0bcc9d,452d9cac-f565-4f2a-9f2e-5047dfe0fc52,c1b2c3d4-e5f6-7890-abcd-ef1234567814,1,7.99,7.99
50040a72-f63b-4267-b24d-4f07800ad345,452d9cac-f565-4f2a-9f2e-5047dfe0fc52,c1b2c3d4-e5f6-7890-abcd-ef1234567815,3,8.49,25.47
e023b620-98d0-4a3b-8f5f-4dd5e45d19ab,452d9cac-f565-4f2a-9f2e-5047dfe0fc52,c1b2c3d4-e5f6-7890-abcd-ef1234567802,2,11.99,23.98
db3ee11b-d18c-41b6-88eb-88cb0ddd6c93,f75da8fb-780e-44a5-a9a5-4f988a8c2929,c1b2c3d4-e5f6-7890-abcd-ef1234567803,3,5.99,17.97
43054276-cf84-4a2f-aa54-5ecccd38b59e,f75da8fb-780e-44a5-a9a5-4f988a8c2929,c1b2c3d4-e5f6-7890-abcd-ef1234567814,3,7.99,23.97
7563f5f6-9469-43f1-93a1-663ef47d057e,e6e8742c-52d5-4ea6-adb2-9cfb5b1d0caf,c1b2c3d4-e5f6-7890-abcd-ef1234567802,3,11.99,35.97
284c3ca4-865e-4c4b-84bc-57b6685060cd,e6e8742c-52d5-4ea6-adb2-9cfb5b1d0caf,c1b2c3d4-e5f6-7890-abcd-ef1234567808,2,11.49,22.98
0eb9abe8-6553-4a84-a120-3888fe3a96c7,4609b188-403f-4656-8643-3ca1ac4a11cf,c1b2c3d4-e5f6-7890-abcd-ef1234567813,2,12.49,24.98
eedda261-7e07-4acc-8898-b25ea44ee8b0,4609b188-403f-4656-8643-3ca1ac4a11cf,c1b2c3d4-e5f6-7890-abcd-ef1234567817,1,13.99,13.99
b1d33ad6-4373-4bd5-af61-7e1953e395ae,309df032-cc12-4937-ba44-e9159ddcdee6,c1b2c3d4-e5f6-7890-abcd-ef1234567805,1,8.99,8.99
486f9154-539f-4d87-9324-63c46156f6e7,2579757b-ab98-447d-9412-9fe4623a8420,c1b2c3d4-e5f6-7890-abcd-ef1234567816,3,9.99,29.97
6107eace-b499-4675-b179-8e59baeddeaa,2579757b-ab98-447d-9412-9fe4623a8420,c1b2c3d4-e5f6-7890-abcd-ef1234567820,2,15.99,31.98
c72671ee-86a8-47c2-ae3c-11dbda24da26,2579757b-ab98-447d-9412-9fe4623a8420,c1b2c3d4-e5f6-7890-abcd-ef1234567819,2,14.49,28.98
510e9573-2070-4e09-9f1d-3934e3f18750,2579757b-ab98-447d-9412-9fe4623a8420,c1b2c3d4-e5f6-7890-abcd-ef1234567814,2,7.99,15.98
c257869c-777e-439e-b43e-3606d29fa07e,30ad5762-80a0-4bbf-bcdb-667be00626c6,c1b2c3d4-e5f6-7890-abcd-ef1234567802,3,11.99,35.97
18f32c37-af4e-459a-8898-10ea3ce12c20,30ad5762-80a0-4bbf-bcdb-667be00626c6,c1b2c3d4-e5f6-7890-abcd-ef1234567812,2,9.99,19.98
8ebd2db4-0323-4f66-8190-ba8a6dc6fa6b,30ad5762-80a0-4bbf-bcdb-667be00626c6,c1b2c3d4-e5f6-7890-abcd-ef1234567814,2,7.99,15.98
e89a90a4-8468-4f5e-ae26-8b6af96588f3,b0d19af4-a064-46d1-93e8-39615191adfa,c1b2c3d4-e5f6-7890-abcd-ef1234567819,1,14.49,14.49
9f9fd3bf-1082-4429-a314-28b6ed3dccfb,b0d19af4-a064-46d1-93e8-39615191adfa,c1b2c3d4-e5f6-7890-abcd-ef1234567817,1,13.99,13.99
31eb844f-294c-4dd6-9a49-d19a6895422e,b0d19af4-a064-46d1-93e8-39615191adfa,c1b2c3d4-e5f6-7890-abcd-ef1234567820,2,15.99,31.98
6c274f32-60bd-4b32-bb44-9f796bf514cf,b0d19af4-a064-46d1-93e8-39615191adfa,c1b2c3d4-e5f6-7890-abcd-ef1234567805,3,8.99,26.97
e67ff696-1ebd-474a-90f9-1c2b9f74730b,fa721aaa-c24b-446e-bbeb-459ac6888907,c1b2c3d4-e5f6-7890-abcd-ef1234567812,2,9.99,19.98
332be406-ddde-47de-9a1b-315043f63e35,fa721aaa-c24b-446e-bbeb-459ac6888907,c1b2c3d4-e5f6-7890-abcd-ef1234567806,2,10.99,21.98
1adc7da4-0e30-43aa-a4ad-0c79d03322e9,fa721aaa-c24b-446e-bbeb-459ac6888907,c1b2c3d4-e5f6-7890-abcd-ef1234567819,2,14.49,28.98
b55e5a13-c7c6-46f1-a5f6-56714c2e40b1,0c339812-f4c2-4fa2-9b12-532b281100ef,c1b2c3d4-e5f6-7890-abcd-ef1234567813,3,12.49,37.47
5e08c760-0409-4c4b-8532-b7906f89eea0,0c339812-f4c2-4fa2-9b12-532b281100ef,c1b2c3d4-e5f6-7890-abcd-ef1234567802,2,11.99,23.98
8e6b126a-28ab-40dd-8e74-fbbf5758645c,0c339812-f4c2-4fa2-9b12-532b281100ef,c1b2c3d4-e5f6-7890-abcd-ef1234567803,1,5.99,5.99
04b50fb8-8f0f-4e59-94f1-541f9582747a,2b8076ff-22dc-474a-9267-204daa364443,c1b2c3d4-e5f6-7890-abcd-ef1234567813,1,12.49,12.49
89f68f1f-05d8-4367-9669-f1e150473820,4ea67b7d-6f5b-4748-8382-60317eb9f97e,c1b2c3d4-e5f6-7890-abcd-ef1234567813,3,12.49,37.47
9c367899-2d86-46c6-a1e0-5befcbb11bf8,5e1e1465-9387-46fa-9743-f1be0df356f0,c1b2c3d4-e5f6-7890-abcd-ef1234567819,3,14.49,43.47
196148e2-194b-4e79-83c3-e656fd52eb87,5e1e1465-9387-46fa-9743-f1be0df356f0,c1b2c3d4-e5f6-7890-abcd-ef1234567806,3,10.99,32.97
072dc32d-99a6-4c09-8eeb-8a9c102be6f7,025efa8c-8751-4645-90f0-9cc99d09db30,c1b2c3d4-e5f6-7890-abcd-ef1234567808,2,11.49,22.98
f91dcb9d-5679-47ac-b136-52b598943b3f,025efa8c-8751-4645-90f0-9cc99d09db30,c1b2c3d4-e5f6-7890-abcd-ef1234567807,2,9.99,19.98
7e5aa43c-25c0-4c95-aae1-23b92611db42,025efa8c-8751-4645-90f0-9cc99d09db30,c1b2c3d4-e5f6-7890-abcd-ef1234567802,1,11.99,11.99
1c264f3a-cfcf-446d-bf95-a9731a85ae2a,858c99f4-64a2-4a42-bf61-64bd2a59ba64,c1b2c3d4-e5f6-7890-abcd-ef1234567811,3,11.99,35.97
d46b6ce2-23b4-4e79-98aa-7cb3d0939c46,858c99f4-64a2-4a42-bf61-64bd2a59ba64,c1b2c3d4-e5f6-7890-abcd-ef1234567808,1,11.49,11.49
dff502d3-b8f0-4cbe-8359-b167ae3cd810,858c99f4-64a2-4a42-bf61-64bd2a59ba64,c1b2c3d4-e5f6-7890-abcd-ef1234567819,3,14.49,43.47
dfea64c1-5748-48c5-b07c-4b802643a57b,8c4cca00-1e6d-4297-b2bd-e9590f0e16be,c1b2c3d4-e5f6-7890-abcd-ef1234567806,3,10.99,32.97
cbcaecc4-8edf-4b3b-8230-eedaece56cb1,8c4cca00-1e6d-4297-b2bd-e9590f0e16be,c1b2c3d4-e5f6-7890-abcd-ef1234567818,3,10.49,31.47
e3ee69ef-9af8-4db8-be42-f98a1d63684c,8c4cca00-1e6d-4297-b2bd-e9590f0e16be,c1b2c3d4-e5f6-7890-abcd-ef1234567808,3,11.49,34.47
f10c639f-9577-48dc-a18c-b0a25e338d9e,8c4cca00-1e6d-4297-b2bd-e9590f0e16be,c1b2c3d4-e5f6-7890-abcd-ef1234567815,1,8.49,8.49
c84f54e0-642d-4561-8c71-1212438ac5e1,43ea3097-dc60-4f09-a7a9-ab69ed59f106,c1b2c3d4-e5f6-7890-abcd-ef1234567812,3,9.99,29.97
4561c2e9-1cbe-4da7-9b81-2eef8fdf8697,43ea3097-dc60-4f09-a7a9-ab69ed59f106,c1b2c3d4-e5f6-7890-abcd-ef1234567811,1,11.99,11.99
c1c47016-75a0-4c5d-bd27-9b8721a438e4,43ea3097-dc60-4f09-a7a9-ab69ed59f106,c1b2c3d4-e5f6-7890-abcd-ef1234567803,3,5.99,17.97
e26ba11e-cc32-4964-8456-c1bec7fdd776,12d4bd69-1499-4b8f-8dcf-5ed4a727c89b,c1b2c3d4-e5f6-7890-abcd-ef1234567820,3,15.99,47.97
ba2aa070-c126-4d82-9fc5-a2623617e339,12d4bd69-1499-4b8f-8dcf-5ed4a727c89b,c1b2c3d4-e5f6-7890-abcd-ef1234567813,1,12.49,12.49
e9aaef96-df8a-4a4d-a6eb-5f7a0391508b,12d4bd69-1499-4b8f-8dcf-5ed4a727c89b,c1b2c3d4-e5f6-7890-abcd-ef1234567809,1,13.49,13.49
ddf432f6-7351-4b17-9f47-371c301491fd,e797c02f-f52a-44bb-846a-9005e30395a9,c1b2c3d4-e5f6-7890-abcd-ef1234567814,2,7.99,15.98
7eb6c3d0-f663-4cd5-a3d5-16a0e3dae2e1,e797c02f-f52a-44bb-846a-9005e30395a9,c1b2c3d4-e5f6-7890-abcd-ef1234567820,1,15.99,15.99
77be4bd6-88d6-4ac3-8e7b-fd7444de0217,e797c02f-f52a-44bb-846a-9005e30395a9,c1b2c3d4-e5f6-7890-abcd-ef1234567801,3,12.99,38.97
3b308c57-789f-4f2a-b603-d9cb798baf57,a96e5311-f874-4d07-b641-1c2d1b6cfc62,c1b2c3d4-e5f6-7890-abcd-ef1234567803,1,5.99,5.99
ce5efd7a-030a-4e11-9c29-39405db12650,a96e5311-f874-4d07-b641-1c2d1b6cfc62,c1b2c3d4-e5f6-7890-abcd-ef1234567804,1,4.99,4.99
502e67cb-ac8c-491c-9b11-caa4e16fa203,4abea5e6-3d37-44d7-8e9f-8a7813001304,c1b2c3d4-e5f6-7890-abcd-ef1234567805,2,8.99,17.98
45621e9e-0b8e-4fe3-9050-34618e9881c3,4abea5e6-3d37-44d7-8e9f-8a7813001304,c1b2c3d4-e5f6-7890-abcd-ef1234567815,2,8.49,16.98
50f5e00f-9da4-4f26-b396-b14192c98734,4abea5e6-3d37-44d7-8e9f-8a7813001304,c1b2c3d4-e5f6-7890-abcd-ef1234567810,3,14.99,44.97
3e8974af-3ea2-4f13-b9d4-65bbe8226a7a,660b4b8f-2731-4d65-97d3-630051132e85,c1b2c3d4-e5f6-7890-abcd-ef1234567812,3,9.99,29.97
0af683fb-19f0-4b1d-ad8b-87d629052768,660b4b8f-2731-4d65-97d3-630051132e85,c1b2c3d4-e5f6-7890-abcd-ef1234567801,1,12.99,12.99
7bf58c93-4762-4cdf-b857-e36e1304aad4,660b4b8f-2731-4d65-97d3-630051132e85,c1b2c3d4-e5f6-7890-abcd-ef1234567817,3,13.99,41.97
207e4eaa-dca2-4db5-a372-576b4dcacf71,7d7ed71f-c85a-4fc5-ba23-9a3a2b145c18,c1b2c3d4-e5f6-7890-abcd-ef1234567806,1,10.99,10.99
e3041d08-24f4-41ce-bb91-f3709a4334f3,7d7ed71f-c85a-4fc5-ba23-9a3a2b145c18,c1b2c3d4-e5f6-7890-abcd-ef1234567801,3,12.99,38.97
485d6491-fc38-4926-bd5d-a4a8e22e3a2d,7d7ed71f-c85a-4fc5-ba23-9a3a2b145c18,c1b2c3d4-e5f6-7890-abcd-ef1234567805,2,8.99,17.98
501e850e-d24d-48b6-93a8-40fbb43b1e63,7d7ed71f-c85a-4fc5-ba23-9a3a2b145c18,c1b2c3d4-e5f6-7890-abcd-ef1234567816,3,9.99,29.97
0b66210d-83e1-44c4-81b6-b8cce0eeb25b,db3fa6a4-77af-42b3-84de-3cce2d3a2f45,c1b2c3d4-e5f6-7890-abcd-ef1234567812,2,9.99,19.98
4d09aff4-f136-484a-bc0d-f7886ac3955d,db3fa6a4-77af-42b3-84de-3cce2d3a2f45,c1b2c3d4-e5f6-7890-abcd-ef1234567804,1,4.99,4.99
f4f8fefa-d964-4339-a137-5fde9df19574,455741c9-b4a1-4aa1-a14f-2890c5d29aff,c1b2c3d4-e5f6-7890-abcd-ef1234567801,1,12.99,12.99
ec2dcf2c-6f4e-41ca-af06-62222e1d0801,455741c9-b4a1-4aa1-a14f-2890c5d29aff,c1b2c3d4-e5f6-7890-abcd-ef1234567807,2,9.99,19.98
4be8d29f-cd8a-4f99-84c4-494d259618fd,455741c9-b4a1-4aa1-a14f-2890c5d29aff,c1b2c3d4-e5f6-7890-abcd-ef1234567816,3,9.99,29.97
a98135bb-b5d4-41e6-a8ad-2b6b5234b22b,c3aaf71f-71cf-4f73-8a12-ab9ae87aee7e,c1b2c3d4-e5f6-7890-abcd-ef1234567818,3,10.49,31.47
dd93cd0c-7424-46b8-bcc9-6d4195794c2d,25a99ed2-9857-453c-8500-f2474b2e4347,c1b2c3d4-e5f6-7890-abcd-ef1234567820,2,15.99,31.98
e7b1e563-fc56-474e-8d26-b2b0f25bdb20,11604570-af89-4858-bb43-7881d687a770,c1b2c3d4-e5f6-7890-abcd-ef1234567801,2,12.99,25.98
cc733132-0a3d-45e0-b633-069427e04175,b668b6f3-1f95-4d72-82e3-9332c88175ec,c1b2c3d4-e5f6-7890-abcd-ef1234567806,2,10.99,21.98
6e9ffbe4-e869-4c5a-8175-54e6df821336,debc9780-0339-45cf-9e59-c8650c6b064e,c1b2c3d4-e5f6-7890-abcd-ef1234567811,1,11.99,11.99
21d5db60-4d93-47a6-88ab-8bf305995db6,debc9780-0339-45cf-9e59-c8650c6b064e,c1b2c3d4-e5f6-7890-abcd-ef1234567801,2,12.99,25.98
b7ebc42b-010f-400f-a3dd-a8bc9c7e5ffd,debc9780-0339-45cf-9e59-c8650c6b064e,c1b2c3d4-e5f6-7890-abcd-ef1234567817,3,13.99,41.97
57820c64-a901-46d0-8186-437f01e0d0dc,5814da44-382a-49a3-acdc-6c6ca88bc502,c1b2c3d4-e5f6-7890-abcd-ef1234567801,2,12.99,25.98
3e78e32f-a672-45f8-945c-96891dd5e672,5814da44-382a-49a3-acdc-6c6ca88bc502,c1b2c3d4-e5f6-7890-abcd-ef1234567807,2,9.99,19.98
055d100d-6073-4e7f-9a7a-ea8e868639b9,80dee9ce-721e-4234-9cbb-f63498c3f87e,c1b2c3d4-e5f6-7890-abcd-ef1234567810,3,14.99,44.97
de3f5047-db92-4f7e-ad75-a83d73ecf218,80dee9ce-721e-4234-9cbb-f63498c3f87e,c1b2c3d4-e5f6-7890-abcd-ef1234567804,2,4.99,9.98
73959653-d2ed-4f2f-af44-7ea2c6e8007c,80dee9ce-721e-4234-9cbb-f63498c3f87e,c1b2c3d4-e5f6-7890-abcd-ef1234567803,1,5.99,5.99
865eade8-e2d4-4027-950c-790cd81ffb7c,683c0762-d486-461b-9be2-0e780f5df654,c1b2c3d4-e5f6-7890-abcd-ef1234567817,2,13.99,27.98
1960a8ba-d0b2-4d00-9aba-0e776f588109,683c0762-d486-461b-9be2-0e780f5df654,c1b2c3d4-e5f6-7890-abcd-ef1234567803,1,5.99,5.99
273f2769-d038-4eb0-a5c9-f76d7592f77c,16ffc6d7-2b58-4ce3-a714-dee0c759d0c7,c1b2c3d4-e5f6-7890-abcd-ef1234567820,3,15.99,47.97
9c15cf9d-e05a-47ac-8aac-5b6fbc62ccb5,16ffc6d7-2b58-4ce3-a714-dee0c759d0c7,c1b2c3d4-e5f6-7890-abcd-ef1234567809,3,13.49,40.47
de0e45a7-0ed4-4d73-99cf-22deef092002,16ffc6d7-2b58-4ce3-a714-dee0c759d0c7,c1b2c3d4-e5f6-7890-abcd-ef1234567812,1,9.99,9.99
66cdf0db-a2c6-4f64-a1df-d427e2ff8209,ec77e503-66b4-4302-a925-8453cb648371,c1b2c3d4-e5f6-7890-abcd-ef1234567806,2,10.99,21.98
14b83a54-8ce6-4b6d-a6bd-8e6e40656117,ec77e503-66b4-4302-a925-8453cb648371,c1b2c3d4-e5f6-7890-abcd-ef1234567804,2,4.99,9.98
e37fc073-73d1-4395-a692-ed62bc14a5bb,ec77e503-66b4-4302-a925-8453cb648371,c1b2c3d4-e5f6-7890-abcd-ef1234567814,2,7.99,15.98
1ce13a62-e9a3-4747-92f8-cd8fcdb15783,5543b900-c058-4e6c-a81a-aaf360acbff5,c1b2c3d4-e5f6-7890-abcd-ef1234567804,2,4.99,9.98
ac4a65ff-48a7-4bae-af26-29a034567a04,5543b900-c058-4e6c-a81a-aaf360acbff5,c1b2c3d4-e5f6-7890-abcd-ef1234567815,3,8.49,25.47
aa0244d3-c4f0-4faf-9ecb-899896548d89,5543b900-c058-4e6c-a81a-aaf360acbff5,c1b2c3d4-e5f6-7890-abcd-ef1234567813,1,12.49,12.49
0f6c4dbc-5355-42b1-8591-ee5c68a9de45,5543b900-c058-4e6c-a81a-aaf360acbff5,c1b2c3d4-e5f6-7890-abcd-ef1234567807,2,9.99,19.98
8224ada6-57fd-4535-9c4e-d2e55a1fd9f6,1f71a176-4adc-4906-8d9f-1a85965ea658,c1b2c3d4-e5f6-7890-abcd-ef1234567806,1,10.99,10.99
cd26003d-d88a-4a03-a904-06c8548feaa3,54ed0603-9388-42df-9a8f-abeb4a7bda29,c1b2c3d4-e5f6-7890-abcd-ef1234567814,3,7.99,23.97
d142d945-806d-49db-b4d8-4c4868d2bfa1,54ed0603-9388-42df-9a8f-abeb4a7bda29,c1b2c3d4-e5f6-7890-abcd-ef1234567813,2,12.49,24.98
03d96d38-5896-4fee-81df-ff3cc11ee040,54ed0603-9388-42df-9a8f-abeb4a7bda29,c1b2c3d4-e5f6-7890-abcd-ef1234567812,2,9.99,19.98
7421fd84-bf6d-41d3-b847-1e9883283942,2d9bc0ee-fd82-4715-8d74-e481439778cd,c1b2c3d4-e5f6-7890-abcd-ef1234567814,2,7.99,15.98
9dd7a81d-fc49-4065-8b47-871cc506f74c,2d9bc0ee-fd82-4715-8d74-e481439778cd,c1b2c3d4-e5f6-7890-abcd-ef1234567811,2,11.99,23.98
3f149d93-0e76-4f1b-8f72-f9293f7fe66a,bba0b61b-7ab2-4e87-aa22-571087c5c888,c1b2c3d4-e5f6-7890-abcd-ef1234567813,3,12.49,37.47
bd1ce75f-e8a0-4feb-8278-4331ba416a75,bba0b61b-7ab2-4e87-aa22-571087c5c888,c1b2c3d4-e5f6-7890-abcd-ef1234567810,3,14.99,44.97
d97f1c97-4aaf-4d20-a723-d8751256df10,bba0b61b-7ab2-4e87-aa22-571087c5c888,c1b2c3d4-e5f6-7890-abcd-ef1234567816,1,9.99,9.99
6d789c50-2211-4380-b6f6-99f0eb0ee323,f0353add-9fe1-4284-87d7-511c943b642e,c1b2c3d4-e5f6-7890-abcd-ef1234567806,2,10.99,21.98
c0c8c008-cf30-445e-9c9c-287c13270e33,04f32614-0937-4f24-91eb-b3586e4c42c4,c1b2c3d4-e5f6-7890-abcd-ef1234567820,2,15.99,31.98
7a6530fa-b8b6-44ca-8a4b-d8e835202708,5f7bde57-6210-40fe-8224-0a5d22aa7b50,c1b2c3d4-e5f6-7890-abcd-ef1234567815,2,8.49,16.98
a3937580-8282-4ec2-846f-74d7ea5e3cbc,5f7bde57-6210-40fe-8224-0a5d22aa7b50,c1b2c3d4-e5f6-7890-abcd-ef1234567813,2,12.49,24.98
8b6ea994-ff45-4900-86f6-f4f5686286ff,5f7bde57-6210-40fe-8224-0a5d22aa7b50,c1b2c3d4-e5f6-7890-abcd-ef1234567819,1,14.49,14.49
b5cf4e1a-3e2e-46bb-a1aa-6895a6bb8315,1f4b239e-56b6-4958-89f9-a14683a264e3,c1b2c3d4-e5f6-7890-abcd-ef1234567809,3,13.49,40.47
adb5cdb7-d2d6-49de-9957-93c4930ffd5d,1f4b239e-56b6-4958-89f9-a14683a264e3,c1b2c3d4-e5f6-7890-abcd-ef1234567820,1,15.99,15.99
1fc88aa3-d3c7-41b9-bf9f-5997ddba00a2,06b0465d-e165-4e26-b185-2850385eaef1,c1b2c3d4-e5f6-7890-abcd-ef1234567808,1,11.49,11.49
71979a43-241d-4c5e-81c0-5888132a3069,06b0465d-e165-4e26-b185-2850385eaef1,c1b2c3d4-e5f6-7890-abcd-ef1234567810,1,14.99,14.99
2e72d983-fd9c-465f-a464-b8445f203bbb,06b0465d-e165-4e26-b185-2850385eaef1,c1b2c3d4-e5f6-7890-abcd-ef1234567817,3,13.99,41.97
e6188ab1-7310-42ee-81c4-fe50a2bcc799,b9b9cf93-5368-4b3b-a3d5-3bd1f9185bbf,c1b2c3d4-e5f6-7890-abcd-ef1234567806,3,10.99,32.97
824df64d-8b12-4282-aa2d-2154254de328,b9b9cf93-5368-4b3b-a3d5-3bd1f9185bbf,c1b2c3d4-e5f6-7890-abcd-ef1234567801,2,12.99,25.98
64803438-131b-4239-a05f-353c84881d37,b9b9cf93-5368-4b3b-a3d5-3bd1f9185bbf,c1b2c3d4-e5f6-7890-abcd-ef1234567810,3,14.99,44.97
67b0c491-6778-4fac-8a27-8a83c087d9b8,71c38c4a-5e78-4abc-95b6-6eb746da6548,c1b2c3d4-e5f6-7890-abcd-ef1234567814,1,7.99,7.99
c9f64dcb-6056-491c-92dd-1514b3560e85,71c38c4a-5e78-4abc-95b6-6eb746da6548,c1b2c3d4-e5f6-7890-abcd-ef1234567813,2,12.49,24.98
312c852e-37ea-448e-b9e9-d1600044a6d2,71c38c4a-5e78-4abc-95b6-6eb746da6548,c1b2c3d4-e5f6-7890-abcd-ef1234567806,2,10.99,21.98
abba3e7b-b669-4dba-8fe5-13aeb24235af,e69badce-7d83-4e3a-9fa9-157a3a640c92,c1b2c3d4-e5f6-7890-abcd-ef1234567813,2,12.49,24.98
3aabfc4c-0151-4ddd-8f66-de56fd37701f,e69badce-7d83-4e3a-9fa9-157a3a640c92,c1b2c3d4-e5f6-7890-abcd-ef1234567817,2,13.99,27.98
fdbb6fc4-2a7c-449b-afb7-c5fd424bacaa,e69badce-7d83-4e3a-9fa9-157a3a640c92,c1b2c3d4-e5f6-7890-abcd-ef1234567801,2,12.99,25.98
9fa8bbd2-f914-4276-8d6d-cb60b1c2f047,e69badce-7d83-4e3a-9fa9-157a3a640c92,c1b2c3d4-e5f6-7890-abcd-ef1234567819,1,14.49,14.49
f9afbfa5-f102-4666-a0b4-1c0db42c41cf,db905730-4399-4c72-8adf-ff932c41af14,c1b2c3d4-e5f6-7890-abcd-ef1234567804,3,4.99,14.97
98597257-ab45-4c65-ba0f-d954eb9c1c29,db905730-4399-4c72-8adf-ff932c41af14,c1b2c3d4-e5f6-7890-abcd-ef1234567801,2,12.99,25.98
91fa74ea-e6f5-4389-be87-88df21645848,db905730-4399-4c72-8adf-ff932c41af14,c1b2c3d4-e5f6-7890-abcd-ef1234567810,1,14.99,14.99
07de19df-5087-43b6-bedc-c5ba349b9b06,db905730-4399-4c72-8adf-ff932c41af14,c1b2c3d4-e5f6-7890-abcd-ef1234567805,3,8.99,26.97
0f211777-ef2c-4ff7-afd9-b4d7d25ad5e8,f22438a5-4a4d-4de0-ba56-fcbe2d758124,c1b2c3d4-e5f6-7890-abcd-ef1234567803,2,5.99,11.98
f9d95fcb-479f-4dd7-9707-714c40942711,f22438a5-4a4d-4de0-ba56-fcbe2d758124,c1b2c3d4-e5f6-7890-abcd-ef1234567801,3,12.99,38.97
d22ab057-be1c-4247-bc3f-e0d505d3a4f9,f22438a5-4a4d-4de0-ba56-fcbe2d758124,c1b2c3d4-e5f6-7890-abcd-ef1234567811,2,11.99,23.98
f673a23b-c900-4ca6-9d64-d564c7de43e8,3034be2b-c2a5-424e-ae75-fece9d219ab2,c1b2c3d4-e5f6-7890-abcd-ef1234567812,1,9.99,9.99
5d2abf93-7762-41a3-9334-76718c739aa2,75ff30d6-17f4-498a-9d5f-f72973a48dda,c1b2c3d4-e5f6-7890-abcd-ef1234567813,2,12.49,24.98
5a2ead2f-5501-494b-acd4-a6ae73dce2a5,75ff30d6-17f4-498a-9d5f-f72973a48dda,c1b2c3d4-e5f6-7890-abcd-ef1234567815,2,8.49,16.98
68c47c9f-0db8-472e-ac08-4130247b81a6,75ff30d6-17f4-498a-9d5f-f72973a48dda,c1b2c3d4-e5f6-7890-abcd-ef1234567819,2,14.49,28.98
c8e92911-4800-470e-966b-c31e7d9707fb,ac06dd91-a827-4a37-8090-fe7bfdbab1d6,c1b2c3d4-e5f6-7890-abcd-ef1234567819,3,14.49,43.47
ca9b4d3a-11a3-44d8-a1f3-f0121e1f5ae9,ac06dd91-a827-4a37-8090-fe7bfdbab1d6,c1b2c3d4-e5f6-7890-abcd-ef1234567806,1,10.99,10.99
9885ed60-494b-414e-8d4a-beda8b291e33,65384192-a790-48cd-9225-ef08e927d7a0,c1b2c3d4-e5f6-7890-abcd-ef1234567815,3,8.49,25.47
4a6f4742-8010-400f-89b6-2525cb6c8c6d,65384192-a790-48cd-9225-ef08e927d7a0,c1b2c3d4-e5f6-7890-abcd-ef1234567812,3,9.99,29.97
9942a7ee-b37c-4c20-a8ab-57f88e4fd9a9,65384192-a790-48cd-9225-ef08e927d7a0,c1b2c3d4-e5f6-7890-abcd-ef1234567801,3,12.99,38.97
e8ce4fc4-b997-4510-8249-fc35f6132168,6154ddcd-ba9e-42f0-973a-cc68f99cc56c,c1b2c3d4-e5f6-7890-abcd-ef1234567807,2,9.99,19.98
7e1602d0-c48d-44b1-93f2-bb5b8770136b,9dee167e-24a9-4d8d-9927-ee0084d4677a,c1b2c3d4-e5f6-7890-abcd-ef1234567804,2,4.99,9.98
c9f3262e-cff7-4bd9-81c4-6ab4475f4ed8,9dee167e-24a9-4d8d-9927-ee0084d4677a,c1b2c3d4-e5f6-7890-abcd-ef1234567817,1,13.99,13.99
51357160-a033-4018-abbe-54c39d885733,9dee167e-24a9-4d8d-9927-ee0084d4677a,c1b2c3d4-e5f6-7890-abcd-ef1234567802,2,11.99,23.98
44a1607f-6148-46bc-aa09-354e89b40b64,59cef52b-01c7-4b2f-9d72-9f5bdc439456,c1b2c3d4-e5f6-7890-abcd-ef1234567818,2,10.49,20.98
7d01d7f4-a467-4965-90fb-d10a59b74f60,59cef52b-01c7-4b2f-9d72-9f5bdc439456,c1b2c3d4-e5f6-7890-abcd-ef1234567804,1,4.99,4.99
26613990-395d-4670-afcc-8e8b7a9cee7d,1143cef9-0c11-4edb-9dbb-d5360f677c65,c1b2c3d4-e5f6-7890-abcd-ef1234567819,3,14.49,43.47
280be48f-8c9f-4b62-ae4f-d7163b268dfb,1143cef9-0c11-4edb-9dbb-d5360f677c65,c1b2c3d4-e5f6-7890-abcd-ef1234567806,3,10.99,32.97
38ab8e36-09bd-448d-bc27-782b18126f24,1143cef9-0c11-4edb-9dbb-d5360f677c65,c1b2c3d4-e5f6-7890-abcd-ef1234567813,1,12.49,12.49
72b87a31-18f5-4347-82cf-4f49f6df5f96,1143cef9-0c11-4edb-9dbb-d5360f677c65,c1b2c3d4-e5f6-7890-abcd-ef1234567818,1,10.49,10.49
d34966ce-a4d2-485d-890b-22f01c23fb7d,79086fdb-f92c-4343-acf1-a7def282aa27,c1b2c3d4-e5f6-7890-abcd-ef1234567818,1,10.49,10.49
f4d411eb-f797-4be3-b77f-247d0e64b48d,79086fdb-f92c-4343-acf1-a7def282aa27,c1b2c3d4-e5f6-7890-abcd-ef1234567809,3,13.49,40.47
1ba66429-dc79-4e73-9724-b713bf1e7b43,bf7ef361-a09c-4df5-9d0c-f4c9cac52b87,c1b2c3d4-e5f6-7890-abcd-ef1234567810,3,14.99,44.97
cba0fa92-5c99-4db3-8697-31354475e290,bf7ef361-a09c-4df5-9d0c-f4c9cac52b87,c1b2c3d4-e5f6-7890-abcd-ef1234567819,2,14.49,28.98
5d654a05-4748-4bb9-8b6e-fe908f17d64b,24bde2ea-72f9-4423-9c2b-bd220570684c,c1b2c3d4-e5f6-7890-abcd-ef1234567802,1,11.99,11.99
3cf8a5d3-9ddf-4a8b-855f-575c4e275b45,cfcd9289-5b87-4b69-910c-90ac4caead37,c1b2c3d4-e5f6-7890-abcd-ef1234567804,3,4.99,14.97
da1dd5e5-6862-4713-91d8-eaac3cdb2384,f4ef5677-3749-468d-b2a0-17cb8f9745a7,c1b2c3d4-e5f6-7890-abcd-ef1234567815,3,8.49,25.47
9064e32f-4216-4672-b1cd-de827a070a47,f4ef5677-3749-468d-b2a0-17cb8f9745a7,c1b2c3d4-e5f6-7890-abcd-ef1234567807,1,9.99,9.99
7890049b-db91-405f-a4e9-f293d7e7b036,9d5e11d3-7f67-4f6c-96e8-3d792241082f,c1b2c3d4-e5f6-7890-abcd-ef1234567803,2,5.99,11.98
e20ba738-bf9c-4cc2-818d-5cbab369b0a3,9d5e11d3-7f67-4f6c-96e8-3d792241082f,c1b2c3d4-e5f6-7890-abcd-ef1234567801,2,12.99,25.98
38a00991-ddb4-423c-ae1c-4da4cf8a19a1,9d5e11d3-7f67-4f6c-96e8-3d792241082f,c1b2c3d4-e5f6-7890-abcd-ef1234567802,3,11.99,35.97
38debab0-bfba-42db-974b-d2e6fd2eeca1,9d5e11d3-7f67-4f6c-96e8-3d792241082f,c1b2c3d4-e5f6-7890-abcd-ef1234567806,3,10.99,32.97
e7688e40-57f5-4d07-a6a1-4e9453073b7f,cd85b2ec-4dda-42b9-98b0-8076bab6d06a,c1b2c3d4-e5f6-7890-abcd-ef1234567819,3,14.49,43.47
98b89ba4-19ca-4e03-b435-081d0a77c0db,cd85b2ec-4dda-42b9-98b0-8076bab6d06a,c1b2c3d4-e5f6-7890-abcd-ef1234567803,1,5.99,5.99
a9ca8633-2080-461c-994d-16d13af80f62,082e8cc5-d732-4ba3-aab8-420cb83cfba4,c1b2c3d4-e5f6-7890-abcd-ef1234567817,3,13.99,41.97
5a994f49-b72a-43df-8325-4acb4a2ce187,082e8cc5-d732-4ba3-aab8-420cb83cfba4,c1b2c3d4-e5f6-7890-abcd-ef1234567807,1,9.99,9.99
80fb2b87-315a-4dfa-b4a3-15126d63e128,b7482e5e-f0c8-43ac-9e2c-63ab54fe3304,c1b2c3d4-e5f6-7890-abcd-ef1234567806,3,10.99,32.97
e033d95e-3959-4a2b-a49c-1c097ea9bdac,b7482e5e-f0c8-43ac-9e2c-63ab54fe3304,c1b2c3d4-e5f6-7890-abcd-ef1234567810,3,14.99,44.97
86bb04db-cce1-4dd9-825d-ecd1559c382a,b7482e5e-f0c8-43ac-9e2c-63ab54fe3304,c1b2c3d4-e5f6-7890-abcd-ef1234567820,2,15.99,31.98
40042b11-5585-4583-81be-0cb637196c9f,b7482e5e-f0c8-43ac-9e2c-63ab54fe3304,c1b2c3d4-e5f6-7890-abcd-ef1234567819,3,14.49,43.47
e7de025c-5ff6-4153-b3ec-2dd2a5bc8fd9,8104f344-9d66-4a68-a5f5-a416b223753f,c1b2c3d4-e5f6-7890-abcd-ef1234567808,1,11.49,11.49
5bfb9765-9891-400b-b855-16425e3dc8cd,8104f344-9d66-4a68-a5f5-a416b223753f,c1b2c3d4-e5f6-7890-abcd-ef1234567802,2,11.99,23.98
b61b178b-3531-413f-9e79-5d0fab2e8fd8,f5665bad-f4fb-4ffb-9362-912900f1b04d,c1b2c3d4-e5f6-7890-abcd-ef1234567805,3,8.99,26.97
8a07cdc5-b2e4-4ae4-adc9-b4bb2a3dccd0,5c443abf-a00e-4cfd-a29c-594628afb2c8,c1b2c3d4-e5f6-7890-abcd-ef1234567805,2,8.99,17.98
b7adaf44-852b-47db-82b1-e1d6a3351a13,5c443abf-a00e-4cfd-a29c-594628afb2c8,c1b2c3d4-e5f6-7890-abcd-ef1234567817,3,13.99,41.97
fd02ca8c-ab4f-4245-b20e-f8a370998ff0,5c443abf-a00e-4cfd-a29c-594628afb2c8,c1b2c3d4-e5f6-7890-abcd-ef1234567809,2,13.49,26.98
e3e21dcf-020b-4c8b-9a34-c8aac166fbd2,8216757d-c128-4673-a402-1c7aa9ff2ff5,c1b2c3d4-e5f6-7890-abcd-ef1234567811,3,11.99,35.97
c0893cca-82da-4736-8106-97102ee706cf,8216757d-c128-4673-a402-1c7aa9ff2ff5,c1b2c3d4-e5f6-7890-abcd-ef1234567817,2,13.99,27.98
303c28a8-f855-47b4-9c87-7acf550c9536,bf2209ea-2301-4877-8f38-6f1400c37c0a,c1b2c3d4-e5f6-7890-abcd-ef1234567819,3,14.49,43.47
acb6739a-292e-499d-8ee5-db104aced7fe,0bc07c77-e002-428e-8b9d-f9cb7e1488de,c1b2c3d4-e5f6-7890-abcd-ef1234567816,1,9.99,9.99
7ca640cf-7826-4620-88bf-573a83c2266c,0bc07c77-e002-428e-8b9d-f9cb7e1488de,c1b2c3d4-e5f6-7890-abcd-ef1234567803,3,5.99,17.97
3a35d376-fa14-4ec7-a7cb-1a32d896176f,0bc07c77-e002-428e-8b9d-f9cb7e1488de,c1b2c3d4-e5f6-7890-abcd-ef1234567814,3,7.99,23.97
2a2d7b90-c897-47fe-a0ed-3219a9cd7c87,0bc07c77-e002-428e-8b9d-f9cb7e1488de,c1b2c3d4-e5f6-7890-abcd-ef1234567812,1,9.99,9.99
1ada3e8c-a49e-4d30-8150-836d46033877,4123feff-8e59-4cd1-9d68-efbb88c31c1f,c1b2c3d4-e5f6-7890-abcd-ef1234567820,3,15.99,47.97
606701ef-b485-4fb1-8391-c58caf633189,4123feff-8e59-4cd1-9d68-efbb88c31c1f,c1b2c3d4-e5f6-7890-abcd-ef1234567807,2,9.99,19.98
c539fee1-0306-4a45-86cd-4331a3b8f108,4123feff-8e59-4cd1-9d68-efbb88c31c1f,c1b2c3d4-e5f6-7890-abcd-ef1234567805,3,8.99,26.97
6f9d3ee0-1d78-45a6-9c75-f1433dbc02b4,4123feff-8e59-4cd1-9d68-efbb88c31c1f,c1b2c3d4-e5f6-7890-abcd-ef1234567817,1,13.99,13.99
628d49cf-0c97-48ed-9634-fcbaa14820d0,527e96ad-230e-4040-ade1-61a85a96e064,c1b2c3d4-e5f6-7890-abcd-ef1234567816,3,9.99,29.97
4a01fe2c-f687-47b1-bfc9-55de368121c6,527e96ad-230e-4040-ade1-61a85a96e064,c1b2c3d4-e5f6-7890-abcd-ef1234567810,3,14.99,44.97
a1c792ea-f6c3-4c3e-bd83-d6f9528992ae,e95941ff-256d-41d2-9a03-5d1b86d9d517,c1b2c3d4-e5f6-7890-abcd-ef1234567804,2,4.99,9.98
6df8c983-0ad9-4a9f-9aa8-6b0ee56ef652,e95941ff-256d-41d2-9a03-5d1b86d9d517,c1b2c3d4-e5f6-7890-abcd-ef1234567803,2,5.99,11.98
106dc04f-9b00-4ed7-af40-35429c629600,21c83608-b96e-49d2-8064-0c33ec00b577,c1b2c3d4-e5f6-7890-abcd-ef1234567809,2,13.49,26.98
fd699164-a3eb-4809-8b02-386b41e7a428,21c83608-b96e-49d2-8064-0c33ec00b577,c1b2c3d4-e5f6-7890-abcd-ef1234567819,3,14.49,43.47
c96d839a-3e13-4796-8350-0c8aa4f0753c,21c83608-b96e-49d2-8064-0c33ec00b577,c1b2c3d4-e5f6-7890-abcd-ef1234567811,1,11.99,11.99
a3d803c6-523a-434f-ba8b-2df7a5450e60,21c83608-b96e-49d2-8064-0c33ec00b577,c1b2c3d4-e5f6-7890-abcd-ef1234567804,1,4.99,4.99
914030bd-ad0d-4bfd-8bb6-7df090eca57e,66b69f69-b63a-484b-88bf-b723efb2c67f,c1b2c3d4-e5f6-7890-abcd-ef1234567820,1,15.99,15.99
d1499986-296a-4ed9-94e9-b437a45b32b0,66b69f69-b63a-484b-88bf-b723efb2c67f,c1b2c3d4-e5f6-7890-abcd-ef1234567803,3,5.99,17.97
bb3f5af4-34fa-4aec-b572-b0abdd35322a,ce3e5049-d3f1-4940-9dec-307734a43f1a,c1b2c3d4-e5f6-7890-abcd-ef1234567808,3,11.49,34.47
ade3312f-c289-4b29-9850-512b0bf8a270,4ea009d6-9492-4451-b1f2-a99c9e1319a8,c1b2c3d4-e5f6-7890-abcd-ef1234567808,3,11.49,34.47
6632fa7c-3407-46b1-9194-c47fc2d91ca0,4ea009d6-9492-4451-b1f2-a99c9e1319a8,c1b2c3d4-e5f6-7890-abcd-ef1234567819,1,14.49,14.49
b96981aa-4e63-4255-bbd2-b45e230119cf,02dbd2a4-190d-4899-bf2b-c95e0cdfd9dd,c1b2c3d4-e5f6-7890-abcd-ef1234567809,3,13.49,40.47
79220308-baca-476d-8559-132c76a49fc3,02dbd2a4-190d-4899-bf2b-c95e0cdfd9dd,c1b2c3d4-e5f6-7890-abcd-ef1234567806,2,10.99,21.98
4188d295-bedb-4a9a-b602-e8e87783a0e1,02dbd2a4-190d-4899-bf2b-c95e0cdfd9dd,c1b2c3d4-e5f6-7890-abcd-ef1234567810,3,14.99,44.97
1319342c-ed3e-4246-84a9-951a7bf6d72c,02dbd2a4-190d-4899-bf2b-c95e0cdfd9dd,c1b2c3d4-e5f6-7890-abcd-ef1234567814,2,7.99,15.98
09a55487-fac2-44be-a95a-db3887604520,564a97fc-4b93-40a5-af47-767b8ed2fb16,c1b2c3d4-e5f6-7890-abcd-ef1234567816,3,9.99,29.97
dba3972f-9bee-4754-b033-5d426d3cc927,564a97fc-4b93-40a5-af47-767b8ed2fb16,c1b2c3d4-e5f6-7890-abcd-ef1234567818,3,10.49,31.47
8d2a9535-311a-4891-94b3-0c4c4a10d397,a427fe08-eb14-4e43-aecb-46190de46ee9,c1b2c3d4-e5f6-7890-abcd-ef1234567817,3,13.99,41.97
8d4e941e-7bf6-4510-8cbd-9af053b6ff71,a427fe08-eb14-4e43-aecb-46190de46ee9,c1b2c3d4-e5f6-7890-abcd-ef1234567814,1,7.99,7.99
2f194e03-4a87-4d4a-aef8-d9e01e15f5f4,a427fe08-eb14-4e43-aecb-46190de46ee9,c1b2c3d4-e5f6-7890-abcd-ef1234567816,3,9.99,29.97
0811b364-19c1-4c13-a70d-8414e00d2e68,a427fe08-eb14-4e43-aecb-46190de46ee9,c1b2c3d4-e5f6-7890-abcd-ef1234567807,2,9.99,19.98
b60f3658-26d5-4ee2-b1bb-c964b3eababb,08946eba-0898-476f-94be-8dc840765a47,c1b2c3d4-e5f6-7890-abcd-ef1234567808,1,11.49,11.49
e9dcd5ec-7b4f-4ff0-8111-e37a470e0a94,08946eba-0898-476f-94be-8dc840765a47,c1b2c3d4-e5f6-7890-abcd-ef1234567814,1,7.99,7.99
a3b32f85-0abf-4285-90fd-74e44bf150aa,c6d59dec-ad2b-41ed-a322-ed06e059f14e,c1b2c3d4-e5f6-7890-abcd-ef1234567817,1,13.99,13.99
c8827e54-236b-418b-a996-9db2243ee4a7,90f4e7eb-4cd5-4352-bfeb-dc02ade6119b,c1b2c3d4-e5f6-7890-abcd-ef1234567811,1,11.99,11.99
8db2fe81-fc02-4990-acdc-eebb1451e218,90f4e7eb-4cd5-4352-bfeb-dc02ade6119b,c1b2c3d4-e5f6-7890-abcd-ef1234567812,3,9.99,29.97
ec7b0577-bbf5-4e5e-8167-9a114963a8f9,90f4e7eb-4cd5-4352-bfeb-dc02ade6119b,c1b2c3d4-e5f6-7890-abcd-ef1234567805,1,8.99,8.99
aedf5474-1a49-4168-acb3-d88623274460,90f4e7eb-4cd5-4352-bfeb-dc02ade6119b,c1b2c3d4-e5f6-7890-abcd-ef1234567820,2,15.99,31.98
59d73571-577c-49ab-b195-9603a35c97b0,d7314882-aa61-4471-b8e8-a8097d7ee184,c1b2c3d4-e5f6-7890-abcd-ef1234567810,1,14.99,14.99
7e94e145-b2b5-4ac6-b477-0ca49eab503e,d7314882-aa61-4471-b8e8-a8097d7ee184,c1b2c3d4-e5f6-7890-abcd-ef1234567807,1,9.99,9.99
3d75fe59-1a91-41fc-b58c-6d40a259b280,a7a70f0b-b494-4c2e-9bb7-21045b027b0d,c1b2c3d4-e5f6-7890-abcd-ef1234567811,3,11.99,35.97
99b25a2a-5829-428f-8edd-755f00fe1a1d,a7a70f0b-b494-4c2e-9bb7-21045b027b0d,c1b2c3d4-e5f6-7890-abcd-ef1234567817,3,13.99,41.97
827b9dc4-1c02-4603-9a25-e3a2bf52d96a,192741c5-1c83-4327-9e46-ce3a2247b79c,c1b2c3d4-e5f6-7890-abcd-ef1234567801,1,12.99,12.99
b0062ffa-2e91-422c-ba71-84a5a913961b,192741c5-1c83-4327-9e46-ce3a2247b79c,c1b2c3d4-e5f6-7890-abcd-ef1234567807,2,9.99,19.98
9213bcc3-80f9-48b4-b0ed-a23dc98f8396,454551ac-5835-4524-8c32-be0e7d20a639,c1b2c3d4-e5f6-7890-abcd-ef1234567817,2,13.99,27.98
fe499b21-f5f6-4ee5-82d3-2f053feb30ba,6fbfd572-3001-48e6-ae90-0e94fec2ed77,c1b2c3d4-e5f6-7890-abcd-ef1234567803,3,5.99,17.97
42152475-3c3e-4706-b22e-16e9704f448a,6fbfd572-3001-48e6-ae90-0e94fec2ed77,c1b2c3d4-e5f6-7890-abcd-ef1234567809,2,13.49,26.98
21853e90-b4f0-4660-9877-2de73716d7dc,25c56226-f026-449b-b0cb-7a64115c105e,c1b2c3d4-e5f6-7890-abcd-ef1234567806,2,10.99,21.98
d9ce666d-12dc-4752-8c08-488eac909017,25c56226-f026-449b-b0cb-7a64115c105e,c1b2c3d4-e5f6-7890-abcd-ef1234567818,1,10.49,10.49
805be600-1152-4cd0-831f-a6f673f22bb3,25c56226-f026-449b-b0cb-7a64115c105e,c1b2c3d4-e5f6-7890-abcd-ef1234567817,2,13.99,27.98
c67cc57a-88d7-4aa5-b491-6483d5cdc9fd,768ff558-5650-40b0-a16b-60880d314107,c1b2c3d4-e5f6-7890-abcd-ef1234567813,3,12.49,37.47
6ada4c6e-6eb2-49ce-828a-15856e585dd6,768ff558-5650-40b0-a16b-60880d314107,c1b2c3d4-e5f6-7890-abcd-ef1234567805,3,8.99,26.97
709ac38e-b4d0-4db3-8e6d-853472c4daaf,768ff558-5650-40b0-a16b-60880d314107,c1b2c3d4-e5f6-7890-abcd-ef1234567812,2,9.99,19.98
91a6b3a2-3bb4-4ebe-b740-69a4e67dc929,dae11d63-b8a5-41c4-9fe3-7d3779e31f02,c1b2c3d4-e5f6-7890-abcd-ef1234567816,2,9.99,19.98
ebc50fcc-c20a-4362-97f2-6081d35686e6,d445a20c-e339-488d-ac45-5c687314e4cb,c1b2c3d4-e5f6-7890-abcd-ef1234567801,1,12.99,12.99
9ebd7bc2-765b-45aa-926c-da7fcc8e8d3a,5fc3e4ec-36cb-4ae0-a881-5939490ff647,c1b2c3d4-e5f6-7890-abcd-ef1234567802,2,11.99,23.98
36c139c0-5efb-4342-9e6b-5c9e43c5eaaa,5fc3e4ec-36cb-4ae0-a881-5939490ff647,c1b2c3d4-e5f6-7890-abcd-ef1234567816,1,9.99,9.99
793f1462-02f6-4c5a-aec4-910eb8d943c5,5fc3e4ec-36cb-4ae0-a881-5939490ff647,c1b2c3d4-e5f6-7890-abcd-ef1234567814,2,7.99,15.98
338e8fa9-ac65-4a2e-afe1-2c8d4d32c348,dc7e71f6-4aac-4029-8d78-bae8f20fc460,c1b2c3d4-e5f6-7890-abcd-ef1234567814,3,7.99,23.97
3149920a-e1c5-49bb-be50-cfafd295a7fb,6a9dccda-738d-44c9-90a6-6e898aceb0ad,c1b2c3d4-e5f6-7890-abcd-ef1234567804,3,4.99,14.97
f800b580-3982-4dd3-864d-3da99d3c1346,6a9dccda-738d-44c9-90a6-6e898aceb0ad,c1b2c3d4-e5f6-7890-abcd-ef1234567807,1,9.99,9.99
e1cc60d8-1b31-4a7a-b0d6-7b48c5498c8d,6a9dccda-738d-44c9-90a6-6e898aceb0ad,c1b2c3d4-e5f6-7890-abcd-ef1234567810,1,14.99,14.99
1ea8b8da-8823-4785-9007-482908df6904,b566a130-997b-489f-92fe-4c2c878318f0,c1b2c3d4-e5f6-7890-abcd-ef1234567816,2,9.99,19.98
b9231567-e7f0-4ddf-940f-1b6a80d86efb,b566a130-997b-489f-92fe-4c2c878318f0,c1b2c3d4-e5f6-7890-abcd-ef1234567807,3,9.99,29.97
c05effdd-105c-4782-ba13-784e4a08b8c2,b566a130-997b-489f-92fe-4c2c878318f0,c1b2c3d4-e5f6-7890-abcd-ef1234567819,2,14.49,28.98
a95bba6f-bf91-4732-a76b-c4551e985130,b566a130-997b-489f-92fe-4c2c878318f0,c1b2c3d4-e5f6-7890-abcd-ef1234567802,1,11.99,11.99
032e8785-8b80-449a-9804-549819107dc7,315163d5-17bc-4010-beb0-4411dabe3433,c1b2c3d4-e5f6-7890-abcd-ef1234567801,1,12.99,12.99
2bf66f84-875e-4f02-9ada-71e9f8af0d73,b9380f6c-f9fd-415a-bc89-e0d244e3a860,c1b2c3d4-e5f6-7890-abcd-ef1234567813,3,12.49,37.47
ab7f70d4-99b0-4a93-a11a-dff50093e937,ac400842-cec5-470d-ad4d-8270f2dc94f4,c1b2c3d4-e5f6-7890-abcd-ef1234567811,1,11.99,11.99
8b60f2f2-9abd-46c0-90bb-adc0bc80d81f,ac400842-cec5-470d-ad4d-8270f2dc94f4,c1b2c3d4-e5f6-7890-abcd-ef1234567813,1,12.49,12.49
07e95e85-e8af-4bfd-a881-6fb724bde866,ac400842-cec5-470d-ad4d-8270f2dc94f4,c1b2c3d4-e5f6-7890-abcd-ef1234567815,3,8.49,25.47
8d7624e4-a2af-4c0b-bdb8-aea22eba1fc5,c74c4dd8-3a6e-4203-9209-d8919ae9f590,c1b2c3d4-e5f6-7890-abcd-ef1234567817,3,13.99,41.97
34d585ad-6ecb-411b-ba77-51146e0b7e6d,c74c4dd8-3a6e-4203-9209-d8919ae9f590,c1b2c3d4-e5f6-7890-abcd-ef1234567813,2,12.49,24.98
d815b28d-5a5e-4e73-8ab9-893ef60f1f82,c74c4dd8-3a6e-4203-9209-d8919ae9f590,c1b2c3d4-e5f6-7890-abcd-ef1234567805,2,8.99,17.98
05c97a91-e806-4eca-a4d8-ec67b0f237e1,bd5cc8c2-7a9e-4869-865a-6b9d5dd96973,c1b2c3d4-e5f6-7890-abcd-ef1234567801,2,12.99,25.98
62115e33-a61b-4583-9d7a-0b2878dd3f9a,bd5cc8c2-7a9e-4869-865a-6b9d5dd96973,c1b2c3d4-e5f6-7890-abcd-ef1234567803,1,5.99,5.99
4b0fce97-42bc-4b8a-b6f2-f0983aa4fe84,c2d1de60-685d-47ad-9b29-8278b486cb5a,c1b2c3d4-e5f6-7890-abcd-ef1234567801,3,12.99,38.97
81ea0c68-6dcf-4707-801e-2bb994cc55e1,c2d1de60-685d-47ad-9b29-8278b486cb5a,c1b2c3d4-e5f6-7890-abcd-ef1234567811,3,11.99,35.97
069993c1-1e48-40fc-8391-6988771f4c94,c2d1de60-685d-47ad-9b29-8278b486cb5a,c1b2c3d4-e5f6-7890-abcd-ef1234567815,2,8.49,16.98
e1f4a5b1-2b56-4178-bcb8-7231ad2668ca,5bada963-e896-44a7-a2ee-7ed971d3390b,c1b2c3d4-e5f6-7890-abcd-ef1234567807,3,9.99,29.97
a9aea5fd-c257-4836-a330-900fb2b2a143,5bada963-e896-44a7-a2ee-7ed971d3390b,c1b2c3d4-e5f6-7890-abcd-ef1234567813,3,12.49,37.47
50f173b6-165b-4b79-93fc-7caacb2966ef,5bada963-e896-44a7-a2ee-7ed971d3390b,c1b2c3d4-e5f6-7890-abcd-ef1234567818,2,10.49,20.98
17430747-a947-4b32-96ea-3715128dc3af,d12acda8-74df-49c7-b3a0-3c1b1db27c09,c1b2c3d4-e5f6-7890-abcd-ef1234567801,1,12.99,12.99
f350d59e-7d96-46a6-ad73-be9b51dacdb1,9fee0040-9b11-4490-9173-2a9c2524ab56,c1b2c3d4-e5f6-7890-abcd-ef1234567810,1,14.99,14.99
67180fda-b082-4fe3-baab-0404386a216c,1cbe05d8-59b1-434d-b17c-91469b91397f,c1b2c3d4-e5f6-7890-abcd-ef1234567803,3,5.99,17.97
8c6910a0-7c0b-4c62-a28f-af835c3a3cfd,1cbe05d8-59b1-434d-b17c-91469b91397f,c1b2c3d4-e5f6-7890-abcd-ef1234567811,2,11.99,23.98
3cc561c4-cc9c-44d4-bbf2-860d794e721d,1cbe05d8-59b1-434d-b17c-91469b91397f,c1b2c3d4-e5f6-7890-abcd-ef1234567818,2,10.49,20.98
fa12a301-995a-410c-b1ff-2156abb5d49b,b1c60adc-9270-4a58-ac57-11bb7936cb7a,c1b2c3d4-e5f6-7890-abcd-ef1234567816,2,9.99,19.98
3f0dfbc1-d110-4569-8b2e-b6729bf7feb8,fe9adc87-46ba-4a8f-8ec3-0342ce58994b,c1b2c3d4-e5f6-7890-abcd-ef1234567804,3,4.99,14.97
6f2e6144-cbc8-4269-ab5b-feae7f7a4736,b9a11f04-e2cf-4a93-b46b-0e2e41907a7a,c1b2c3d4-e5f6-7890-abcd-ef1234567806,2,10.99,21.98
24fed5c1-5e88-4331-8e4b-62c49aeaff0b,b9a11f04-e2cf-4a93-b46b-0e2e41907a7a,c1b2c3d4-e5f6-7890-abcd-ef1234567807,2,9.99,19.98
4170dfca-4933-48c3-a95b-9d485374d47a,b9a11f04-e2cf-4a93-b46b-0e2e41907a7a,c1b2c3d4-e5f6-7890-abcd-ef1234567801,2,12.99,25.98
22016c0a-43ee-4ac0-89b8-0b8d77441bfb,d2f6f3a2-f692-4013-b75c-01ef59d3a2ac,c1b2c3d4-e5f6-7890-abcd-ef1234567804,2,4.99,9.98
13ec1ddd-1191-4aa0-b1c3-cf8c503fa60d,d2f6f3a2-f692-4013-b75c-01ef59d3a2ac,c1b2c3d4-e5f6-7890-abcd-ef1234567803,2,5.99,11.98
86a908d4-e7ea-46e4-9ee5-c709899ac9cc,25cc3b5f-ef44-4c56-aae2-0a8c868db20e,c1b2c3d4-e5f6-7890-abcd-ef1234567818,1,10.49,10.49
5a8b9460-f133-4f52-8f47-2caefee95f41,25cc3b5f-ef44-4c56-aae2-0a8c868db20e,c1b2c3d4-e5f6-7890-abcd-ef1234567817,1,13.99,13.99
f250d71c-935d-4762-80b6-0a9cc1589202,25cc3b5f-ef44-4c56-aae2-0a8c868db20e,c1b2c3d4-e5f6-7890-abcd-ef1234567809,1,13.49,13.49
0c4433fd-9b98-41fd-b912-d7601c3ada52,25cc3b5f-ef44-4c56-aae2-0a8c868db20e,c1b2c3d4-e5f6-7890-abcd-ef1234567801,1,12.99,12.99
32e1d34e-def1-4e26-a62b-b5cfea720b6e,3403314d-8930-44ec-a666-0a6d6e0a4e2c,c1b2c3d4-e5f6-7890-abcd-ef1234567818,3,10.49,31.47
a25257d7-9a38-4fcf-b56e-285e7eaee940,f27f0801-8611-4637-83ab-e898feffb151,c1b2c3d4-e5f6-7890-abcd-ef1234567803,2,5.99,11.98
02f4c4c7-c4a9-48cd-a742-10ed6dab1012,f27f0801-8611-4637-83ab-e898feffb151,c1b2c3d4-e5f6-7890-abcd-ef1234567804,3,4.99,14.97
dd3d325f-cae7-4499-a6a5-852c1f0b30f1,f27f0801-8611-4637-83ab-e898feffb151,c1b2c3d4-e5f6-7890-abcd-ef1234567818,2,10.49,20.98
609d555d-e9fc-4c87-bd74-19dd08949d16,7ddd2a8c-6e94-4e27-b031-b4c23dfb3c99,c1b2c3d4-e5f6-7890-abcd-ef1234567815,2,8.49,16.98
63347159-67d8-411c-96cf-e6c624231fb5,7ddd2a8c-6e94-4e27-b031-b4c23dfb3c99,c1b2c3d4-e5f6-7890-abcd-ef1234567808,2,11.49,22.98
48f284e7-d017-4f0d-91df-1b06f8518b1d,7ddd2a8c-6e94-4e27-b031-b4c23dfb3c99,c1b2c3d4-e5f6-7890-abcd-ef1234567810,1,14.99,14.99
06b87be5-2c74-498d-b2b2-8a9c9711a2b3,7ddd2a8c-6e94-4e27-b031-b4c23dfb3c99,c1b2c3d4-e5f6-7890-abcd-ef1234567801,2,12.99,25.98
cb40db4f-e76b-458b-b342-bda88b0b4e21,3bd102b3-9633-4662-bb7c-42be356d39b9,c1b2c3d4-e5f6-7890-abcd-ef1234567802,2,11.99,23.98
b50e0475-ca73-448a-80c7-d444c04a9879,f06ef437-0e6f-4733-a07a-d1747ee113e1,c1b2c3d4-e5f6-7890-abcd-ef1234567809,2,13.49,26.98
27dabd4d-69a0-4407-909a-b754254ec50f,f06ef437-0e6f-4733-a07a-d1747ee113e1,c1b2c3d4-e5f6-7890-abcd-ef1234567802,2,11.99,23.98
76d19ad1-fd26-44d4-8933-44e82d8a86d0,f4654715-5cf0-4f4b-9e4c-51c7e6638c8e,c1b2c3d4-e5f6-7890-abcd-ef1234567816,3,9.99,29.97
0e8e6714-3c55-4ced-80a4-b283ea689363,f4654715-5cf0-4f4b-9e4c-51c7e6638c8e,c1b2c3d4-e5f6-7890-abcd-ef1234567817,3,13.99,41.97
8087ceb7-2c62-45d6-a393-56a0da7ed68f,f4654715-5cf0-4f4b-9e4c-51c7e6638c8e,c1b2c3d4-e5f6-7890-abcd-ef1234567813,1,12.49,12.49
af4889aa-1a59-4920-bf79-5c54b9535a8a,51cd5e8e-6238-447a-b8f0-d4c73e6d1a38,c1b2c3d4-e5f6-7890-abcd-ef1234567807,1,9.99,9.99
c50541eb-d5cb-4d4c-8abe-20b710bf235e,51cd5e8e-6238-447a-b8f0-d4c73e6d1a38,c1b2c3d4-e5f6-7890-abcd-ef1234567814,2,7.99,15.98
9ec0411e-8437-495f-b227-601c721541f6,2d3d8cd1-ee66-4e68-aed0-51e608be99dd,c1b2c3d4-e5f6-7890-abcd-ef1234567820,1,15.99,15.99
78422cc3-e9ea-4e26-894f-ffac1f44b7fb,2d3d8cd1-ee66-4e68-aed0-51e608be99dd,c1b2c3d4-e5f6-7890-abcd-ef1234567812,3,9.99,29.97
70db8119-f652-4958-827c-e05a469f3cc6,2d3d8cd1-ee66-4e68-aed0-51e608be99dd,c1b2c3d4-e5f6-7890-abcd-ef1234567803,1,5.99,5.99
8efee4e7-f2b9-4916-80cb-fe8411206460,f058f3d5-d7fa-42a0-9ad6-951da6dc9423,c1b2c3d4-e5f6-7890-abcd-ef1234567805,1,8.99,8.99
74f8af34-28d2-4960-a1f4-13812ab9d29a,f058f3d5-d7fa-42a0-9ad6-951da6dc9423,c1b2c3d4-e5f6-7890-abcd-ef1234567816,2,9.99,19.98
2c677f25-b7bb-417d-941e-3e1310f67d38,074f882e-43a6-4551-9313-2e634947fd19,c1b2c3d4-e5f6-7890-abcd-ef1234567801,3,12.99,38.97
b3cf363e-b76a-4282-813a-c1c3c2bc882c,074f882e-43a6-4551-9313-2e634947fd19,c1b2c3d4-e5f6-7890-abcd-ef1234567814,2,7.99,15.98
ddef49c9-5c46-45a2-b8ac-283ecfe23586,074f882e-43a6-4551-9313-2e634947fd19,c1b2c3d4-e5f6-7890-abcd-ef1234567816,1,9.99,9.99
02818aaf-67af-413a-a28e-20f9e9384aa1,455aec2f-fa40-4e88-a926-e0a177a9533e,c1b2c3d4-e5f6-7890-abcd-ef1234567819,1,14.49,14.49
104422e0-7d91-40ae-b8c2-96fb01210bee,5d2631e2-96c2-4139-ad94-0579517f0a3b,c1b2c3d4-e5f6-7890-abcd-ef1234567810,2,14.99,29.98
9975c416-f9a3-4e51-9604-62870cb1a2b5,89dd79ae-b513-4260-aa6f-05c3f7e7023b,c1b2c3d4-e5f6-7890-abcd-ef1234567814,1,7.99,7.99
065e44b2-47dc-46c4-bafd-035f6b0f63f0,89dd79ae-b513-4260-aa6f-05c3f7e7023b,c1b2c3d4-e5f6-7890-abcd-ef1234567806,3,10.99,32.97
cd382ef7-a04f-436d-992e-e4ad94d18724,89dd79ae-b513-4260-aa6f-05c3f7e7023b,c1b2c3d4-e5f6-7890-abcd-ef1234567813,1,12.49,12.49
d0148e46-8117-43d0-9eb9-94111074f3a9,8fb24ffa-fc5a-4e99-b104-321c1e6c56d9,c1b2c3d4-e5f6-7890-abcd-ef1234567803,1,5.99,5.99
d6c4fcf9-1c4d-4998-95a4-18129404bc99,0833c798-d460-46bb-b69c-6cf7ef9dc5d4,c1b2c3d4-e5f6-7890-abcd-ef1234567804,3,4.99,14.97
72fdf64d-1a8c-48d8-a521-46ad42b74dc4,698bd79d-7934-41c6-b9d2-66ff85c0325b,c1b2c3d4-e5f6-7890-abcd-ef1234567809,1,13.49,13.49
c98a1dcf-dd64-4a3c-9ed4-c1e67c571139,1760e1ca-7c90-4477-832e-9b0c2ec42b16,c1b2c3d4-e5f6-7890-abcd-ef1234567809,2,13.49,26.98
5d5cbefd-7484-4392-a7b9-bd5ed790d2e9,1760e1ca-7c90-4477-832e-9b0c2ec42b16,c1b2c3d4-e5f6-7890-abcd-ef1234567814,2,7.99,15.98
3a456d11-4e8b-4eab-be3c-934dc5f8d321,b22c2c83-38c9-44e5-91f2-1c82835b9dbd,c1b2c3d4-e5f6-7890-abcd-ef1234567804,1,4.99,4.99
6c165f95-1103-466a-b1b6-30a2ec6f08fc,b22c2c83-38c9-44e5-91f2-1c82835b9dbd,c1b2c3d4-e5f6-7890-abcd-ef1234567819,1,14.49,14.49
9aa7f988-1b3c-455b-b154-aee5171e7d33,b22c2c83-38c9-44e5-91f2-1c82835b9dbd,c1b2c3d4-e5f6-7890-abcd-ef1234567811,2,11.99,23.98
d85d3d30-f3c9-4a97-a78c-8e71189b68c4,802a246a-bfe3-4811-9a55-949327d0ad8d,c1b2c3d4-e5f6-7890-abcd-ef1234567819,3,14.49,43.47
86b3408c-21b6-49b5-86f9-298555238640,802a246a-bfe3-4811-9a55-949327d0ad8d,c1b2c3d4-e5f6-7890-abcd-ef1234567812,2,9.99,19.98
589a5e2a-5cfd-4eaa-bdc7-478f5b658e3f,c4ccdcc3-b8db-403f-b667-0e31107360af,c1b2c3d4-e5f6-7890-abcd-ef1234567809,3,13.49,40.47
8b41839a-b527-4d24-abc1-52ac86bfd121,c4ccdcc3-b8db-403f-b667-0e31107360af,c1b2c3d4-e5f6-7890-abcd-ef1234567802,1,11.99,11.99
d6f34336-1434-4597-84f4-7ab94ae37040,9b8d0627-004e-4406-a955-794ff622917f,c1b2c3d4-e5f6-7890-abcd-ef1234567806,3,10.99,32.97
be4443bd-20a0-4714-a84a-25262d1582f9,9b8d0627-004e-4406-a955-794ff622917f,c1b2c3d4-e5f6-7890-abcd-ef1234567817,2,13.99,27.98
3f29cb64-885f-4277-94ce-2d620857a4b3,5b8b3350-4c34-4740-844e-98621c693ce7,c1b2c3d4-e5f6-7890-abcd-ef1234567819,1,14.49,14.49
38c95344-c661-4553-9ddc-59136d57c2b1,5b8b3350-4c34-4740-844e-98621c693ce7,c1b2c3d4-e5f6-7890-abcd-ef1234567802,3,11.99,35.97
07b9c99a-64d6-42a9-ab73-d6d4bd4124b0,b3b2fc49-28ea-409c-a930-52c0231adfd2,c1b2c3d4-e5f6-7890-abcd-ef1234567811,3,11.99,35.97
3e4dfab5-d197-40bf-baa2-5f5923e44de9,b3b2fc49-28ea-409c-a930-52c0231adfd2,c1b2c3d4-e5f6-7890-abcd-ef1234567814,3,7.99,23.97
2484b598-cce0-483e-9775-368fad153052,b3b2fc49-28ea-409c-a930-52c0231adfd2,c1b2c3d4-e5f6-7890-abcd-ef1234567807,1,9.99,9.99
4f3bde40-ab0d-4f5b-b117-d86778cb804c,b3b2fc49-28ea-409c-a930-52c0231adfd2,c1b2c3d4-e5f6-7890-abcd-ef1234567805,2,8.99,17.98
c653e4c6-a253-4cc8-bb45-71d0f05d6de8,091580fa-58e7-4853-a1d7-ded02ba587dd,c1b2c3d4-e5f6-7890-abcd-ef1234567809,1,13.49,13.49
f37e45be-7997-4905-9519-dddd7ad4af1c,091580fa-58e7-4853-a1d7-ded02ba587dd,c1b2c3d4-e5f6-7890-abcd-ef1234567804,3,4.99,14.97
32ae3079-d96b-4210-aa75-b42540736549,8d81873f-2e1c-4e89-86f0-fc8f50dc01c2,c1b2c3d4-e5f6-7890-abcd-ef1234567810,1,14.99,14.99
b176378c-ed2a-411f-9ec0-67702f45c538,8d81873f-2e1c-4e89-86f0-fc8f50dc01c2,c1b2c3d4-e5f6-7890-abcd-ef1234567816,2,9.99,19.98
d35b7d0c-33aa-4ded-8d96-2a02ca6d75d4,8d81873f-2e1c-4e89-86f0-fc8f50dc01c2,c1b2c3d4-e5f6-7890-abcd-ef1234567812,3,9.99,29.97
f3788c01-b700-47c8-a5b4-dad7d1bd569f,8d81873f-2e1c-4e89-86f0-fc8f50dc01c2,c1b2c3d4-e5f6-7890-abcd-ef1234567813,1,12.49,12.49
64f4d9a2-2553-4bb0-a43a-36b8d3e8b2d1,ea3327ab-56c5-4335-94ac-5216128b7f68,c1b2c3d4-e5f6-7890-abcd-ef1234567810,1,14.99,14.99
519b7233-2f7a-4bfa-a536-45c29dfcc414,ea3327ab-56c5-4335-94ac-5216128b7f68,c1b2c3d4-e5f6-7890-abcd-ef1234567806,1,10.99,10.99
c847e02c-c4c3-42a6-90d7-fc0550b15b35,c3a4b809-4ad6-4438-9244-118f14f36e71,c1b2c3d4-e5f6-7890-abcd-ef1234567809,1,13.49,13.49
f38ac0e6-9ee2-4e90-ab26-0e71fb925792,aa4d4359-d3a5-4a3e-9d9d-fa81e45087c0,c1b2c3d4-e5f6-7890-abcd-ef1234567813,2,12.49,24.98
07be82e8-000f-4b26-a86e-1e723d99e18e,aa4d4359-d3a5-4a3e-9d9d-fa81e45087c0,c1b2c3d4-e5f6-7890-abcd-ef1234567820,2,15.99,31.98
69f0a1bf-42fe-44d4-b602-dfa5cb854193,9c99ceac-1b04-4424-8694-d4e83784209e,c1b2c3d4-e5f6-7890-abcd-ef1234567808,3,11.49,34.47
f57350de-0bbc-4fe9-8954-e458e773ea71,9c99ceac-1b04-4424-8694-d4e83784209e,c1b2c3d4-e5f6-7890-abcd-ef1234567807,2,9.99,19.98
66b3055a-efa5-46f5-b78e-e5bc1a50217f,9c99ceac-1b04-4424-8694-d4e83784209e,c1b2c3d4-e5f6-7890-abcd-ef1234567803,1,5.99,5.99
6965c6d5-edf0-4cf8-9ff0-0f59dfe4efe5,499de55c-4418-4e81-a80a-30b2217beb6f,c1b2c3d4-e5f6-7890-abcd-ef1234567811,1,11.99,11.99
238d6f15-1d86-4727-8637-f1b1e2ad81c2,7e078194-bdb6-471c-8116-0121ba20f9e7,c1b2c3d4-e5f6-7890-abcd-ef1234567805,3,8.99,26.97
16af2ef8-ef2e-410c-9454-2f1a6ee6af17,7e078194-bdb6-471c-8116-0121ba20f9e7,c1b2c3d4-e5f6-7890-abcd-ef1234567814,3,7.99,23.97
e5f5a157-5ad3-48f7-9a65-d4361fe9033b,49b8a4e5-2302-4f66-b3dd-2a9918f0855c,c1b2c3d4-e5f6-7890-abcd-ef1234567814,3,7.99,23.97
a3cdb669-aecf-4dcb-9f0d-53c6aeb1ec4e,49b8a4e5-2302-4f66-b3dd-2a9918f0855c,c1b2c3d4-e5f6-7890-abcd-ef1234567802,1,11.99,11.99
5d6e2291-ed91-43fd-9a09-2a301ea7fafa,49b8a4e5-2302-4f66-b3dd-2a9918f0855c,c1b2c3d4-e5f6-7890-abcd-ef1234567813,2,12.49,24.98
fed50cf0-76d2-4fe6-bc6e-b3cc993b89c9,54a105d5-dde8-4468-900d-4a6bfb275bc7,c1b2c3d4-e5f6-7890-abcd-ef1234567801,2,12.99,25.98
9578f35b-d100-4abf-9727-76af78f28bdc,54a105d5-dde8-4468-900d-4a6bfb275bc7,c1b2c3d4-e5f6-7890-abcd-ef1234567804,2,4.99,9.98
5aa04304-b80c-4923-9d48-4652960df096,54a105d5-dde8-4468-900d-4a6bfb275bc7,c1b2c3d4-e5f6-7890-abcd-ef1234567803,1,5.99,5.99
6d092400-52dd-4e3f-908c-1c52dc3b70ef,feee968d-8f84-4ecb-a6f6-d964cd6f75a5,c1b2c3d4-e5f6-7890-abcd-ef1234567811,3,11.99,35.97
ae7b4200-b9ba-489b-8869-518fdd20b9c8,feee968d-8f84-4ecb-a6f6-d964cd6f75a5,c1b2c3d4-e5f6-7890-abcd-ef1234567809,3,13.49,40.47
aabb3c89-14ac-482d-89e1-3b5dc9013f9f,2fc33536-125c-46e9-a88a-a9d077a82a47,c1b2c3d4-e5f6-7890-abcd-ef1234567803,2,5.99,11.98
1d8be263-b9f5-4686-ad50-5e6d658783eb,69541496-ab7e-4f9f-aa45-eaad394e33bc,c1b2c3d4-e5f6-7890-abcd-ef1234567815,2,8.49,16.98
caa47452-55fe-418e-9252-7dcb07ad216b,69541496-ab7e-4f9f-aa45-eaad394e33bc,c1b2c3d4-e5f6-7890-abcd-ef1234567817,1,13.99,13.99
c0b85ce7-3ffd-455d-aaf4-1aa0654c7f80,69541496-ab7e-4f9f-aa45-eaad394e33bc,c1b2c3d4-e5f6-7890-abcd-ef1234567818,2,10.49,20.98
46d87324-2a3f-403b-9cb1-7e4364c565fd,69541496-ab7e-4f9f-aa45-eaad394e33bc,c1b2c3d4-e5f6-7890-abcd-ef1234567813,2,12.49,24.98
3b58d2bd-7963-44c5-912f-a36fe7c257a9,a5a54aea-6421-44d4-9d79-d1526a80ec03,c1b2c3d4-e5f6-7890-abcd-ef1234567801,1,12.99,12.99
9b45e32e-9ad5-4656-b5b0-53c6a2e8b6bc,a5a54aea-6421-44d4-9d79-d1526a80ec03,c1b2c3d4-e5f6-7890-abcd-ef1234567805,2,8.99,17.98
7611eaaf-118e-42ae-a414-180a9e0dc540,a5a54aea-6421-44d4-9d79-d1526a80ec03,c1b2c3d4-e5f6-7890-abcd-ef1234567813,1,12.49,12.49
5f8d2faa-30c1-49e4-9b14-1c64c37b898e,cc4146de-020c-4811-ba60-2f035c044a89,c1b2c3d4-e5f6-7890-abcd-ef1234567819,2,14.49,28.98
2a6ea36a-e07a-4099-bacf-7d8cf1706366,cc4146de-020c-4811-ba60-2f035c044a89,c1b2c3d4-e5f6-7890-abcd-ef1234567813,1,12.49,12.49
d5f2f861-f1f1-4297-b68d-324d578faac3,597507f7-f18f-4212-aa9d-70c11dc9b0c8,c1b2c3d4-e5f6-7890-abcd-ef1234567820,3,15.99,47.97
0a136ea0-0787-4b32-855c-55435ee26c77,597507f7-f18f-4212-aa9d-70c11dc9b0c8,c1b2c3d4-e5f6-7890-abcd-ef1234567807,2,9.99,19.98
1090ce89-d2e4-4314-a165-834ccc28df37,c17ff536-d4f4-4838-aa81-897d5d2ea01f,c1b2c3d4-e5f6-7890-abcd-ef1234567816,2,9.99,19.98
cb7cf0f6-5af4-45d8-870f-b9d1d88e9c24,c17ff536-d4f4-4838-aa81-897d5d2ea01f,c1b2c3d4-e5f6-7890-abcd-ef1234567801,2,12.99,25.98
a38fe240-bb3b-44f8-acf0-cf1270a32074,d54fdfee-74fb-456a-aed4-05d7b02c9a1a,c1b2c3d4-e5f6-7890-abcd-ef1234567815,2,8.49,16.98
c99165c9-9009-40aa-85dd-4c2705650a01,d54fdfee-74fb-456a-aed4-05d7b02c9a1a,c1b2c3d4-e5f6-7890-abcd-ef1234567816,1,9.99,9.99
886777bb-0b32-49de-b549-9dd8306602a8,c26996ae-6e87-4d21-ab10-dfa7ed51c240,c1b2c3d4-e5f6-7890-abcd-ef1234567814,1,7.99,7.99
49b7c193-8519-425e-8f10-ed2622c1e151,c26996ae-6e87-4d21-ab10-dfa7ed51c240,c1b2c3d4-e5f6-7890-abcd-ef1234567818,2,10.49,20.98
7eee7b3c-8978-401b-a452-efa71b371dec,c26996ae-6e87-4d21-ab10-dfa7ed51c240,c1b2c3d4-e5f6-7890-abcd-ef1234567812,1,9.99,9.99
cb437e3c-516b-4dba-9157-c33f7ffe0f96,81d4bc12-506d-41fc-8edc-a01b75d64d35,c1b2c3d4-e5f6-7890-abcd-ef1234567819,2,14.49,28.98
d7e3eaf3-088d-4378-a90c-c5d8b9fb4c99,15e45df4-5bba-42ac-889f-99ba1ac65106,c1b2c3d4-e5f6-7890-abcd-ef1234567818,1,10.49,10.49
4cb075d6-a66a-4ddb-a5db-743210eb9c41,15e45df4-5bba-42ac-889f-99ba1ac65106,c1b2c3d4-e5f6-7890-abcd-ef1234567804,2,4.99,9.98
9a1c3051-1c07-41b0-ba82-7335c0683385,17f72bd0-157f-4085-b19d-299faf981486,c1b2c3d4-e5f6-7890-abcd-ef1234567808,1,11.49,11.49
785a67dc-79a3-4a7e-bfa8-be0053996999,17f72bd0-157f-4085-b19d-299faf981486,c1b2c3d4-e5f6-7890-abcd-ef1234567809,3,13.49,40.47
fda041b5-9474-44bb-8cde-396d0ab046e5,17f72bd0-157f-4085-b19d-299faf981486,c1b2c3d4-e5f6-7890-abcd-ef1234567803,3,5.99,17.97
ac93a387-ed42-4a6b-92d4-bb6223f4beab,17f72bd0-157f-4085-b19d-299faf981486,c1b2c3d4-e5f6-7890-abcd-ef1234567820,2,15.99,31.98
767e29ba-8268-44f4-955c-53f4ad363781,bc240f12-56c1-4f49-bebd-fc749528338e,c1b2c3d4-e5f6-7890-abcd-ef1234567817,1,13.99,13.99
3dfe5177-e60d-4c1b-acb0-5a05e1104da7,bc240f12-56c1-4f49-bebd-fc749528338e,c1b2c3d4-e5f6-7890-abcd-ef1234567813,2,12.49,24.98
1a5987fa-9b86-47cc-a5cc-198cf1be1307,bc240f12-56c1-4f49-bebd-fc749528338e,c1b2c3d4-e5f6-7890-abcd-ef1234567801,3,12.99,38.97
53a9ca34-df57-4a2a-b9e2-d068f3932134,bc240f12-56c1-4f49-bebd-fc749528338e,c1b2c3d4-e5f6-7890-abcd-ef1234567815,2,8.49,16.98
2b7df37d-0dbc-4ddf-ac5c-6277d54995fc,91cb7f19-b5db-4b2f-ad36-5db1634d8993,c1b2c3d4-e5f6-7890-abcd-ef1234567813,3,12.49,37.47
08c6587d-65b3-406f-85a7-353eb85c210e,91cb7f19-b5db-4b2f-ad36-5db1634d8993,c1b2c3d4-e5f6-7890-abcd-ef1234567804,3,4.99,14.97
62da15ee-7f84-423c-b8d2-33fd2d853eb9,2b5b87cf-dfd5-4711-b1d2-45f531f0c377,c1b2c3d4-e5f6-7890-abcd-ef1234567818,2,10.49,20.98
3d581339-f48f-421d-80fd-cd6ad584deb0,2b5b87cf-dfd5-4711-b1d2-45f531f0c377,c1b2c3d4-e5f6-7890-abcd-ef1234567819,3,14.49,43.47
723689d2-b3a9-4997-9320-7503d0abf290,2b5b87cf-dfd5-4711-b1d2-45f531f0c377,c1b2c3d4-e5f6-7890-abcd-ef1234567813,1,12.49,12.49
3d2d7219-a09f-4710-a0f5-d6456461f204,1f5db61c-3b88-4a6a-8aa5-983b6c05f062,c1b2c3d4-e5f6-7890-abcd-ef1234567810,2,14.99,29.98
7081a982-6861-401f-bdf3-d80c14e07818,1f5db61c-3b88-4a6a-8aa5-983b6c05f062,c1b2c3d4-e5f6-7890-abcd-ef1234567813,1,12.49,12.49
123ae5dc-04e3-4fb1-95c7-848989677ff1,1f5db61c-3b88-4a6a-8aa5-983b6c05f062,c1b2c3d4-e5f6-7890-abcd-ef1234567815,2,8.49,16.98
d6f92adb-4377-4adc-8835-a2e42fbd615c,5e0ed237-fa1b-4fd9-a058-9145a53ad924,c1b2c3d4-e5f6-7890-abcd-ef1234567802,1,11.99,11.99
520f0e93-dca4-44e8-ad78-1e23a089fb0d,1d1e420b-f420-42bf-a62b-e5fad777f401,c1b2c3d4-e5f6-7890-abcd-ef1234567804,3,4.99,14.97
d3bd88ed-3a41-46a8-97e1-0ff320064ce0,02e79fae-1b8d-4273-a895-a3690aebea47,c1b2c3d4-e5f6-7890-abcd-ef1234567805,3,8.99,26.97
c19a01f0-3087-4ab6-97ec-0ae9075c7ee6,68b9fd5d-bcec-4a98-b38b-da01f21fef60,c1b2c3d4-e5f6-7890-abcd-ef1234567801,1,12.99,12.99
00c26948-ac02-4dba-a34f-95014d993a45,68b9fd5d-bcec-4a98-b38b-da01f21fef60,c1b2c3d4-e5f6-7890-abcd-ef1234567810,2,14.99,29.98
1a1f227c-a40b-4aa2-8083-323d200fadd4,68b9fd5d-bcec-4a98-b38b-da01f21fef60,c1b2c3d4-e5f6-7890-abcd-ef1234567809,2,13.49,26.98
896ae5b7-c096-46b6-b9ea-27513ab264ea,3a68feca-bd46-4bf2-9691-45ce2d01ff59,c1b2c3d4-e5f6-7890-abcd-ef1234567812,3,9.99,29.97
4a298292-4868-480f-b998-5c53e285f8b6,fa59b9c9-393b-4a3b-a267-2135152d58e0,c1b2c3d4-e5f6-7890-abcd-ef1234567808,2,11.49,22.98
4f482ef5-ed11-4b09-ba3c-bbf3655ccdfa,fa59b9c9-393b-4a3b-a267-2135152d58e0,c1b2c3d4-e5f6-7890-abcd-ef1234567809,3,13.49,40.47
fa672b1e-94fc-40e5-88ed-84d01f578af1,fa59b9c9-393b-4a3b-a267-2135152d58e0,c1b2c3d4-e5f6-7890-abcd-ef1234567803,1,5.99,5.99
da75de38-63ca-44ad-95e8-c84161c99fe9,fa59b9c9-393b-4a3b-a267-2135152d58e0,c1b2c3d4-e5f6-7890-abcd-ef1234567813,1,12.49,12.49
7ed2b582-838a-4093-97b8-e04b8a4d9265,aef36cda-c3d7-41e3-88ca-b7a104aa360b,c1b2c3d4-e5f6-7890-abcd-ef1234567818,1,10.49,10.49
7799776a-9e75-45ba-96e8-4e6598e6dc35,aef36cda-c3d7-41e3-88ca-b7a104aa360b,c1b2c3d4-e5f6-7890-abcd-ef1234567801,1,12.99,12.99
9b9bce4d-f5a0-43c3-8c11-5857c0f957ec,4f820a69-c5bc-48c1-9162-2f6e4153c2ec,c1b2c3d4-e5f6-7890-abcd-ef1234567817,2,13.99,27.98
2c47321a-db68-4d74-8c69-d92c7ecb3ce7,b60d8541-e90b-4103-93f6-9e973ba1d3e4,c1b2c3d4-e5f6-7890-abcd-ef1234567802,2,11.99,23.98
f6670719-e96e-4f08-b0fc-4027cf6cf1d9,b60d8541-e90b-4103-93f6-9e973ba1d3e4,c1b2c3d4-e5f6-7890-abcd-ef1234567803,2,5.99,11.98
446a9757-115d-4eff-a76e-e585e8f5f69a,b60d8541-e90b-4103-93f6-9e973ba1d3e4,c1b2c3d4-e5f6-7890-abcd-ef1234567801,1,12.99,12.99
45c03a1a-1f4e-4443-8671-71e119b82358,a9e398eb-ba6a-4f2b-9582-63fd4cc9dd21,c1b2c3d4-e5f6-7890-abcd-ef1234567804,1,4.99,4.99
abb1b46f-3477-4f88-8a1e-b7136cd1b358,a9e398eb-ba6a-4f2b-9582-63fd4cc9dd21,c1b2c3d4-e5f6-7890-abcd-ef1234567809,3,13.49,40.47
9542af51-e9f8-4d17-8bee-69326591a88c,a9e398eb-ba6a-4f2b-9582-63fd4cc9dd21,c1b2c3d4-e5f6-7890-abcd-ef1234567805,1,8.99,8.99
1ee651ea-4cb8-4eeb-921d-9403393ca824,ba033147-c857-4fc1-a780-4cff2e526c59,c1b2c3d4-e5f6-7890-abcd-ef1234567809,3,13.49,40.47
b453c643-9c01-4892-8bc2-29ff39e90bfb,7d5df1f8-db3f-4f32-87ba-8e9abd3b65b0,c1b2c3d4-e5f6-7890-abcd-ef1234567807,2,9.99,19.98
76f0c762-0150-41a7-b650-a37947364b82,091114e1-f6ff-4f91-9c01-ba07408fe8b3,c1b2c3d4-e5f6-7890-abcd-ef1234567802,1,11.99,11.99
5a7f9d54-e54b-4cf0-91b1-264f9a655e3e,ba56ae4e-5ef4-4980-8cfa-0efe7d162cd8,c1b2c3d4-e5f6-7890-abcd-ef1234567816,3,9.99,29.97
47f1e362-f92c-4f09-9eae-fd91a8dc8a36,13b24468-b775-44e9-a220-4c24bbd72303,c1b2c3d4-e5f6-7890-abcd-ef1234567814,1,7.99,7.99
28e83809-72f1-4f54-8b55-fa6ebd36043a,13b24468-b775-44e9-a220-4c24bbd72303,c1b2c3d4-e5f6-7890-abcd-ef1234567807,2,9.99,19.98
30937a73-2004-46a6-99e4-1d2577ddc881,686dad38-4d72-4cfb-83e6-1beff0a35cb1,c1b2c3d4-e5f6-7890-abcd-ef1234567813,2,12.49,24.98
57f796e6-73d6-4fc6-861a-7c4773a81f50,686dad38-4d72-4cfb-83e6-1beff0a35cb1,c1b2c3d4-e5f6-7890-abcd-ef1234567802,1,11.99,11.99
0fed244c-578f-498e-861b-7d843ee90b82,686dad38-4d72-4cfb-83e6-1beff0a35cb1,c1b2c3d4-e5f6-7890-abcd-ef1234567816,1,9.99,9.99
9a2db818-a4c6-496b-aa63-8effc50bf880,2da6d0e0-f700-4e48-8528-4cca4a05e22d,c1b2c3d4-e5f6-7890-abcd-ef1234567807,2,9.99,19.98
bd954808-2937-4866-80c0-55199dd29501,2da6d0e0-f700-4e48-8528-4cca4a05e22d,c1b2c3d4-e5f6-7890-abcd-ef1234567819,1,14.49,14.49
e45e9702-9477-4879-b32e-df662584b114,279fed1c-754c-4f5d-9706-09e4ca37d3e6,c1b2c3d4-e5f6-7890-abcd-ef1234567817,2,13.99,27.98
271ef69a-f653-44aa-bf3a-c97b3a64b260,279fed1c-754c-4f5d-9706-09e4ca37d3e6,c1b2c3d4-e5f6-7890-abcd-ef1234567803,1,5.99,5.99
9bcb279a-8840-477e-bb6a-a9282a4584b3,2da615f1-cd7b-4708-858a-8a38c48571f6,c1b2c3d4-e5f6-7890-abcd-ef1234567810,2,14.99,29.98
c2be83b1-f381-4db6-9544-e91836d3f722,2da615f1-cd7b-4708-858a-8a38c48571f6,c1b2c3d4-e5f6-7890-abcd-ef1234567809,1,13.49,13.49
50793aa5-3601-45e1-9687-556c49723be4,9efbb9c1-1279-40b0-82fb-11ee549a38c4,c1b2c3d4-e5f6-7890-abcd-ef1234567819,3,14.49,43.47
c9a26462-d5df-4379-aa9e-0b5375881905,9efbb9c1-1279-40b0-82fb-11ee549a38c4,c1b2c3d4-e5f6-7890-abcd-ef1234567807,2,9.99,19.98
156391fc-eb0d-4aab-983e-d5335fd22fcb,ae56c3e0-1cb1-45d5-a6e6-e050f51611e2,c1b2c3d4-e5f6-7890-abcd-ef1234567801,2,12.99,25.98
ae1cd440-c37a-4c8b-888f-e7178fe7c45a,ae56c3e0-1cb1-45d5-a6e6-e050f51611e2,c1b2c3d4-e5f6-7890-abcd-ef1234567807,3,9.99,29.97
2b1cb82e-e798-4633-990a-ab778c689bdc,4c65bab5-7985-463d-9196-26a9e57248cd,c1b2c3d4-e5f6-7890-abcd-ef1234567811,1,11.99,11.99
52acc70c-0609-4d09-9daf-9b13fb48a3b3,4c65bab5-7985-463d-9196-26a9e57248cd,c1b2c3d4-e5f6-7890-abcd-ef1234567812,3,9.99,29.97
6c2ee66b-5dee-4fb4-94a3-b88a25a51ae4,4c65bab5-7985-463d-9196-26a9e57248cd,c1b2c3d4-e5f6-7890-abcd-ef1234567813,3,12.49,37.47
ad0f4e20-ad39-4b76-bc48-bc5dca3aeb7a,4c65bab5-7985-463d-9196-26a9e57248cd,c1b2c3d4-e5f6-7890-abcd-ef1234567818,2,10.49,20.98
5b72ce81-d767-4b11-b5a3-d1944813ee3b,34800959-c7eb-4ed1-aa12-4cd3cecc8f64,c1b2c3d4-e5f6-7890-abcd-ef1234567816,3,9.99,29.97
754dea2a-6198-42f5-b1ee-f4e1ae867838,34800959-c7eb-4ed1-aa12-4cd3cecc8f64,c1b2c3d4-e5f6-7890-abcd-ef1234567807,1,9.99,9.99
46204b64-ea44-4b58-9cad-da2dc47e82d5,34800959-c7eb-4ed1-aa12-4cd3cecc8f64,c1b2c3d4-e5f6-7890-abcd-ef1234567817,2,13.99,27.98
fd902090-2b13-45b7-8c6c-26b73534ff82,34800959-c7eb-4ed1-aa12-4cd3cecc8f64,c1b2c3d4-e5f6-7890-abcd-ef1234567802,1,11.99,11.99
4b64f792-20fb-4dab-848f-841895c5ff9f,c6fff2a6-d1f0-43a4-bbb2-09ebfbaeb019,c1b2c3d4-e5f6-7890-abcd-ef1234567819,1,14.49,14.49
5d12782c-8503-43a7-b59e-6e81050e0e3e,c6fff2a6-d1f0-43a4-bbb2-09ebfbaeb019,c1b2c3d4-e5f6-7890-abcd-ef1234567807,1,9.99,9.99
29d1adf1-61a8-4ace-9b34-6a2c3bd5315c,27631959-3b3f-4cd0-9bbe-5786a170a415,c1b2c3d4-e5f6-7890-abcd-ef1234567818,3,10.49,31.47
546e6200-565d-470b-a7b4-266f768b26be,27631959-3b3f-4cd0-9bbe-5786a170a415,c1b2c3d4-e5f6-7890-abcd-ef1234567814,1,7.99,7.99
60212667-9525-4e51-9210-dce24f7023e4,27631959-3b3f-4cd0-9bbe-5786a170a415,c1b2c3d4-e5f6-7890-abcd-ef1234567808,1,11.49,11.49
1e8ed12e-fae2-4947-adc4-0799fb21b631,27631959-3b3f-4cd0-9bbe-5786a170a415,c1b2c3d4-e5f6-7890-abcd-ef1234567806,3,10.99,32.97
45de43b0-d269-4844-b603-b105ec9a6df0,1bac08e3-58fc-48fb-b549-041f88a0ddff,c1b2c3d4-e5f6-7890-abcd-ef1234567817,2,13.99,27.98
4990643a-7208-4842-8db6-39cf9eccb4c1,1bac08e3-58fc-48fb-b549-041f88a0ddff,c1b2c3d4-e5f6-7890-abcd-ef1234567820,3,15.99,47.97
e94dcef9-f1bc-4305-9356-76d0a70084eb,1bac08e3-58fc-48fb-b549-041f88a0ddff,c1b2c3d4-e5f6-7890-abcd-ef1234567811,2,11.99,23.98
660668e5-bf40-4df4-a921-f7699a59534e,1bac08e3-58fc-48fb-b549-041f88a0ddff,c1b2c3d4-e5f6-7890-abcd-ef1234567808,3,11.49,34.47
